startup_name,domain,round,amount_usd,investor,date,source,scraped_at,headquarters
PhantomFX,-,Post-IPO,12400000.0,Zee Entertainment Enterprises,,,2026-09-21,Tamil Nadu
Sapiom,-,Series A,35000000.0,DRAGONFLY,,,2026-09-21,Karnataka
Signsetu,-,Grant,,Saksham,,,2026-09-21,Karnataka
The Binge Town,-,Debt,110000.0,Varun Alagh,,,2026-09-21,Karnataka
The Binge Town,-,Angel,110000.0,Varun Alagh,,,2026-09-21,Karnataka
MAKR,3D Scanning,Institutional,1100000.0,Bluehill VC,,,2026-09-21,Karnataka
Craon,AI,Seed,,Undisclosed,,,2026-09-21,Haryana
Aivar Innovations,AI & Cloud Solutions,Seed,4600000.0,Sorin,,,2026-09-21,Tamil Nadu
Data Science Wizards,AI Infrastructure,Seed,5000000.0,Undisclosed,,,2026-09-21,Maharashtra
Enerzolve,AI Infrastructure,Seed,5100000.0,Jungle Ventures,,,2026-09-21,Karnataka
Navana,AI Infrastructure,Institutional,4200000.0,Antler,,,2026-09-21,Maharashtra
TrueFan AI,AI Video Creation Platform,Series A,10000000.0,Baring Private Equity Partners,,,2026-09-21,Haryana
Arrowhead,AI Voice Bots,Seed,3000000.0,Stellaris Venture Partners,,,2026-09-21,Karnataka
Brisil Technologies,Advanced Materials,Seed,328000.0,Momentum Capital,,,2026-09-21,Gujarat
Fermbox,Advanced Materials,Series A,,BIRAC,,,2026-09-21,Karnataka
Whizzo,Advanced Materials,Series A,15000000.0,Fundamentum,,,2026-09-21,Karnataka
D-Propulse,Aerospace Tech,Seed,2730000.0,Indian Angel Network,,,2026-09-21,Delhi
Maraal Aerospace,Aerospace Tech,Seed,218000.0,HPCL,,,2026-09-21,Uttar Pradesh
BAAS Technologies,"Aerospace, Maritime & Defense Tech",Seed,524000.0,Inflection Point Ventures,,,2026-09-21,Maharashtra
Blurgs,"Aerospace, Maritime & Defense Tech",Seed,2200000.0,Pravega Ventures,,,2026-09-21,Karnataka
Alteon,"Aerospace, Maritime and Defense",Institutional,2500000.0,Undisclosed,,,2026-09-21,Karnataka
Techno Defence,"Aerospace, Maritime and Defense",Grant (prize money),,DRDO,,,2026-09-21,Maharashtra
InspeCity,"Aerospace, Maritime and Defense Tech",Institutional,10500000.0,Speciale Invest,,,2026-09-21,Maharashtra
Kepler Aerospace,"Aerospace, Maritime and Defense Tech",Institutional,8000000.0,Blue Ashva Capital,,,2026-09-21,Karnataka
Kshatra,"Aerospace, Maritime and Defense Tech",Seed,,Finvolve,,,2026-09-21,Karnataka
Sigmaadvsys,"Aerospace, Maritime and Defense Tech",Post-IPO,48300000.0,Undisclosed,,,2026-09-21,Telangana
EndureAir Systems,"Aerospace, Maritime and Defense Tech > Military Tech",Grant (prize money),3100000.0,Anrf,,,2026-09-21,Uttar Pradesh
Zoppler Systems,"Aerospace, Maritime and Defense Tech > Military Tech",Seed,682000.0,Finvolve,,,2026-09-21,Karnataka
Bellatrix Aerospace,"Aerospace, Maritime and Defense Tech > Space Tech",Series A,20000000.0,Cactus Partners,,,2026-09-21,Karnataka
Dhruva Space,"Aerospace, Maritime and Defense Tech > Space Tech",Grant,551000.0,IN-SPACe,,,2026-09-21,Telangana
InterCosmos,"Aerospace, Maritime and Defense Tech > Space Tech",Seed,,Indian Angel Network,,,2026-09-21,Kerala
Skyroot Aerospace,"Aerospace, Maritime and Defense Tech > Space Tech",Debt,10800000.0,BlackRock,,,2026-09-21,Telangana
Xovian Aerospace,"Aerospace, Maritime and Defense Tech > Space Tech",Seed,2000000.0,Inflection Point Ventures,,,2026-09-21,Karnataka
Xovian Aerospace,"Aerospace, Maritime and Defense Tech > Space Tech",Seed,2000000.0,IIM Udaipur Incubation Center,,,2026-09-21,Karnataka
Arya.ag,AgriTech,Series D,56200000.0,GEF Capital Partners,,,2026-09-21,Uttar Pradesh
SoilSens,AgriTech - Crop Tech,Angel,53900.0,Namita Thapar,,,2026-09-21,Maharashtra
WayCool,AgriTech - Supply Chain,Series E,22700000.0,Lightrock,,,2026-09-21,Tamil Nadu
RenewCred,Air Pollution Management Tech,Grant,,ACT Grants,,,2026-09-21,Karnataka
RenewCred,Air Pollution Management Tech,Seed,471000.0,Campus Angels Network,,,2026-09-21,Karnataka
YOGa Clean Air,Air Pollution Management Tech,Institutional,2100000.0,Info Edge Ventures,,,2026-09-21,Haryana
Misochain,Aircraft Components,Seed,2000000.0,Capital-A,,,2026-09-21,Karnataka
Raghu Vamsi,Aircraft Parts and Sub Component Manufacturers,Series B,40000000.0,Norwest,,,2026-09-21,Telangana
Arthum,Alternative Lending,Seed,1090000.0,Caret Capital,,,2026-09-21,Uttar Pradesh
Arvog,Alternative Lending,Post-IPO,5250000.0,Franklin Templeton India,,,2026-09-21,Maharashtra
Intellend Technologies Advisors,Alternative Lending,Seed,1200000.0,Incubate Fund India,,,2026-09-21,Maharashtra
Mufin Finance,Alternative Lending,Debt,12000000.0,Finnfund,,,2026-09-21,Delhi
cGreen,Alternative Lending,Seed,,Indifly Ventures,,,2026-09-21,Maharashtra
DaMENSCH,Apparel Brands,Institutional,1840000.0,A91 Partners,,,2026-09-21,Karnataka
Emergent,Application Development Tools,Series C,130000000.0,Creaegis,,,2026-09-21,Karnataka
ClimaCrew,Aquaculture,Angel,1670000.0,Undisclosed,,,2026-09-21,Maharashtra
Aqua Exchange,Aquaculture Tech,Series B,8000000.0,Endiya Partners,,,2026-09-21,Andhra Pradesh
Captain Fresh,Aquaculture Tech,Debt,31400000.0,Blue Earth Capital,,,2026-09-21,Karnataka
Corel Lifecare,Aquaculture Tech,Angel,133000.0,Anupam Mittal,,,2026-09-21,Maharashtra
Sea6,Aquaculture Tech,Series B,,BIRAC,,,2026-09-21,Karnataka
Bridge Bharat,Art E-Commerce,Seed,,VSS Investments Fund,,,2026-09-21,Haryana
StepOut,Artificial Intelligence,Seed,1500000.0,Rainmatter,,,2026-09-21,Karnataka
Neo Wealth and Asset Management,Asset Management,Series C,36300000.0,Peak XV Partners,,,2026-09-21,Maharashtra
JRG,Auto,Debt,13200000.0,Piramal Capital & Housing Finance,,,2026-09-21,Haryana
Fortuna Engineering,Auto > Auto Components,Unattributed,13600000.0,Bharat Forge,,,2026-09-21,Maharashtra
TIEA,Auto > Auto Components,Series A,8000000.0,IvyCap Ventures,,,2026-09-21,Karnataka
Smart Garage,Auto > Auto Retail & Aftersales,Seed,258000.0,Undisclosed,,,2026-09-21,-
Mahindra Last Mile Mobility,Auto Brands,Series C,33600000.0,Lightrock,,,2026-09-21,Maharashtra
ONLY ELECTRIQ SOLUTIONS,Auto Brands / EV,Seed,,Earlyseed Ventures,,,2026-09-21,Telangana
NASH,Auto Components,PE,,ChrysCapital,,,2026-09-21,Karnataka
Hala Mobility,Auto E-Commerce & Content,Series A,1350000.0,Recur Club,,,2026-09-21,Telangana
Hala Mobility,Auto E-Commerce & Content,Debt,,Recur Club,,,2026-09-21,Telangana
Speedioo,Auto E-Commerce & Content,Seed,1060000.0,Atomic Capital,,,2026-09-21,Maharashtra
PumPumPum,Auto Retail,Seed,2000000.0,Lighthouse Canton,,,2026-09-21,Haryana
RoshAi,Auto Tech > Autonomous Vehicles,Seed,2360000.0,Indian Angel Network,,,2026-09-21,Ohio / Kerala
REGRIP,Auto – Auto Retail & Aftersales,Debt,545000.0,Undisclosed,,,2026-09-21,Haryana
REGRIP,Auto – Auto Retail & Aftersales,Seed,1660000.0,Auxano,,,2026-09-21,Haryana
NapTapGo,Autonomous Hotels,Seed,831000.0,Inflection Point Ventures,,,2026-09-21,Uttar Pradesh
For Real,B2B E-Commerce,Seed,352000.0,Titan Capital,,,2026-09-21,Haryana
Udaan,B2B E-Commerce,Debt,,Undisclosed,,,2026-09-21,Karnataka
Udaan,B2B E-Commerce,Series H,160000000.0,Lightspeed Venture Partners,,,2026-09-21,Karnataka
udaan,B2B E-Commerce,Corporate,7940000.0,Swiggy,,,2026-09-21,Karnataka
Slice,Banking Tech,Institutional,100000000.0,Kado Capital,,,2026-09-21,Karnataka
Spense,Banking Tech,Seed,2800000.0,Arkam Ventures,,,2026-09-21,Karnataka
Knight FinTech,Banking Technology,Series A,23600000.0,Accel,,,2026-09-21,Maharashtra
&Done,Beauty & Personal Care,Series A,3000000.0,RTP Global,,,2026-09-21,Haryana
Antinorm,Beauty & Personal Care,Angel,112000.0,Anupam Mittal,,,2026-09-21,Delhi
Antinorm,Beauty & Personal Care,Seed,3110000.0,Fireside Ventures,,,2026-09-21,Delhi
Fabpad,Beauty & Personal Care,Seed,,Inflection Point Ventures,,,2026-09-21,West Bengal
KUHI BATH,Beauty & Personal Care,Grant,11100.0,Government of Assam,,,2026-09-21,Assam
Phitku,Beauty & Personal Care,Angel,205000.0,Aman Gupta,,,2026-09-21,West Bengal
LNGVTY,Beauty & Personal Care Products,Seed,518000.0,Rukam Capital,,,2026-09-21,Maharashtra
Sugar Cosmetics,Beauty & Personal Care Products,Institutional,15300000.0,A91 Partners,,,2026-09-21,Maharashtra
Xtovia,Beauty & Personal Care Products,Seed,729000.0,V3 Ventures,,,2026-09-21,Telangana
Be Clinical,Beauty Tech,Seed,665000.0,V3 Ventures,,,2026-09-21,Delhi
House of EM5,Beauty Tech,Angel,,Suryakumar Yadav,,,2026-09-21,Madhya Pradesh
Nua,Beauty Tech,Institutional,50000000.0,Peak XV Partners,,,2026-09-21,Maharashtra
Pee Safe,Beauty Tech,Series C,,Orbimed,,,2026-09-21,Haryana
Truth And Hair,Beauty Tech,Seed,564000.0,Inflection Point Ventures,,,2026-09-21,Haryana
Truth And Hair,Beauty Tech,Angel,277000.0,Varun Alagh,,,2026-09-21,Haryana
Fraganote,Beauty Tech / Fragrances,Series A,3000000.0,V3 Ventures,,,2026-09-21,Delhi
Lumiq,Big Data Analytics / AI,Series B,5900000.0,Info Edge Ventures,,,2026-09-21,Uttar Pradesh
Walbha,Bioenergy,Seed,1040000.0,Recykal,,,2026-09-21,Delhi
Groyyo,Brands Tech,Series B,9400000.0,Cornerstone Ventures,,,2026-09-21,Haryana
Dview,Business Intelligence,Seed,,Grand View Research,,,2026-09-21,Karnataka
Oppex,Business Process Management Software,Institutional,500000.0,Info Edge Ventures,,,2026-09-21,Karnataka
Securityfiresystems,Business Services,Debt,,Prospect Capital Management,,,2026-09-21,USA
Securityfiresystems,Business Services,Series B,26000000.0,Prospect Capital Management,,,2026-09-21,USA
The Blame,Business Services,Institutional,1200000.0,Undisclosed,,,2026-09-21,Maharashtra
Vecton,Business Services,Seed,715000.0,Zeropearl,,,2026-09-21,Karnataka
Deccan AI,Business Services > AI Services,Series A,25000000.0,A91 Partners,,,2026-09-21,"California, Telangana"
Panoculon Labs,Business Services > AI Services,Grant,,Saksham,,,2026-09-21,Tamil Nadu
SILA,Business Services > Consulting,PE,100000000.0,Permira,,,2026-09-21,Maharashtra
Navikenz,Business Services > Digital Transformation Services,Seed,7500000.0,Sudip Nandy,,,2026-09-21,New Jersey / Uttar Pradesh
Kaar Technologies,Business Services > ERP Services,Series B,11000000.0,Playbook Partners,,,2026-09-21,"Tamil Nadu, India"
OFF BEAT,Business Services > HR,Seed,10700000.0,Bessemer Venture Partners,,,2026-09-21,Delhi
TIST Media,Business Services > Photography Services,Seed,,Sthira Partners,,,2026-09-21,Maharashtra
63SATS,Business Services – IT Services,Series B,26700000.0,Aarii Ventures,,,2026-09-21,Maharashtra
Wholeleaf,Cannabis HealthTech,Angel,166000.0,Aman Gupta,,,2026-09-21,Delhi
Othor AI,Chatbots,Seed,62300.0,Amit Ashu,,,2026-09-21,Karnataka
Transchem,Chemicals & Pharmaceuticals,Post-IPO,9400000.0,Bakkt,,,2026-09-21,Maharashtra
Tulon Materials,Chemicals Tech,Seed,1050000.0,Karthik Sundar Iyer,,,2026-09-21,Maharashtra
NowPurchase,Chemicals and Materials Tech > Materials Tech,Series B,8500000.0,Bajaj Finserv,,,2026-09-21,West Bengal
NowPurchase,Chemicals and Materials Tech > Materials Tech,Series B,8500000.0,Orios Venture Partners,,,2026-09-21,West Bengal
GPS Renewables,Clean Fuels & Waste Management,Series C,66300000.0,PixelSky Capital,,,2026-09-21,Karnataka
Varaha,ClimateTech,Series B,20000000.0,WestBridge Capital,,,2026-09-21,Haryana
Hoola,Clinic Chains,Series A,5000000.0,Peak XV Partners,,,2026-09-21,Karnataka
VLCC,Clinic Chains,Corporate,11600000.0,BlackSoil,,,2026-09-21,Haryana
House Of Diagnostics,Clinical Laboratory Chains,Seed,,360 One,,,2026-09-21,Delhi
Qure.ai,Clinical Labs IT,Grant,,Gates Foundation,,,2026-09-21,"Maharashtra, New York"
Neverinstall,Cloud OS,Seed,,Equirus Capital,,,2026-09-21,Karnataka
Shapoorji Pallonji,Conglomerates > Traditional Conglomerates,Debt,1600000000.0,DSP Finance,,,2026-09-21,Maharashtra
HandyPanda,Construction Tech,Seed,222000.0,ajvc,,,2026-09-21,Haryana
Atravelq,Consumer,Seed,,Dhruv Anand,,,2026-09-21,"Punjab, India"
Clog London,Consumer,Institutional,,Undisclosed,,,2026-09-21,Uttar Pradesh
EdgeVerse,Consumer,Institutional,315000.0,Undisclosed,,,2026-09-21,Karnataka
Fizzy Goblet,Consumer,Angel,,Kareena Kapoor Khan,,,2026-09-21,Uttar Pradesh
FreightFox,Consumer,Seed,525000.0,HighLeaf,,,2026-09-21,Karnataka
Oorjaa,Consumer,Institutional,1000000.0,Equentis Wealth Advisory Services,,,2026-09-21,Maharashtra
Purple Style Labs,Consumer,Debt,17000000.0,Kairos Ventures,,,2026-09-21,Maharashtra
Rapido,Consumer,Series F,240000000.0,Prosus,,,2026-09-21,Karnataka
Scooby's Club,Consumer,Institutional,250000.0,TDV Partners,,,2026-09-21,Karnataka
Yulu,Consumer,Series C,63000000.0,GEF Capital Partners,,,2026-09-21,Karnataka
Yulu,Consumer,Debt,30000000.0,Undisclosed,,,2026-09-21,Karnataka
Zoomcar,Consumer,Post-IPO,195000.0,Undisclosed,,,2026-09-21,Karnataka
Aham Housing Finance,Consumer & SME Loans,Series B,10400000.0,Sanmar Group,,,2026-09-21,Tamil Nadu
The Hosteller,Consumer (Online Travel),Series B,16100000.000000002,Promaft Partners,,,2026-09-21,Maharashtra
Helium,Consumer (Residential Real Estate Tech),Angel,536000.0,Albinder Dhindsa,,,2026-09-21,Karnataka
RoamPrime,Consumer - Auto E-Commerce,Seed,320000.0,Kriscore,,,2026-09-21,Karnataka
Canvaloop,Consumer - Fashion Tech,Series A,1440000.0,Gujarat Venture Finance,,,2026-09-21,Gujarat
LETZRYD,Consumer - Road Transport Tech,Series A,4000000.0,15th Rock,,,2026-09-21,Karnataka
sprect,Consumer > Communication Apps,Seed,212000.0,Subhkam Ventures,,,2026-09-21,Maharashtra
Fanon,Consumer > Digital Publishing Platforms,Seed,1000000.0,Kalaari Capital,,,2026-09-21,Karnataka
Alaya,Consumer > Fashion Tech,Seed,,LC Nueva AIF,,,2026-09-21,Delhi
BlissClub,Consumer > Fashion Tech,Series A,16800000.0,Singularity AMC,,,2026-09-21,Karnataka
Chupps,Consumer > Fashion Tech,Series A,,Ajinkya Rahane,,,2026-09-21,Maharashtra
GIVA,Consumer > Fashion Tech,Angel,,Kriti Sanon,,,2026-09-21,Karnataka
GIVA,Consumer > Fashion Tech,Series C,11100000.0,IQ-EQ,,,2026-09-21,Karnataka
House of Chikankari,Consumer > Fashion Tech,Series A,2650000.0,Cap Alpha,,,2026-09-21,Delhi
Kisah,Consumer > Fashion Tech,Series A,3800000.0,Fireside Ventures,,,2026-09-21,West Bengal
Thread Factory,Consumer > Fashion Tech,Seed,160000.0,Aviral Bhatnagar,,,2026-09-21,Uttar Pradesh
Yoho,Consumer > Fashion Tech,Debt,839000.0,GII,,,2026-09-21,Delhi
uppercase,Consumer > Fashion Tech,Series B,2150000.0,Accel,,,2026-09-21,Karnataka
uppercase,Consumer > Fashion Tech,Series B,2150000.0,Sixth Sense Ventures,,,2026-09-21,Karnataka
Easy Fix,Consumer > Local Services,Seed,651000.0,Campus Angels Network,,,2026-09-21,"Haryana, India"
Happy Pet Tech,Consumer > Local Services,Angel,,Devi Prasad Shetty,,,2026-09-21,Karnataka
Hulp,Consumer > Local Services,Seed,2600000.0,Sparrow Capital,,,2026-09-21,Haryana
Pronto,Consumer > Local Services,Series B,25000000.0,Epiq Capital,,,2026-09-21,Karnataka
Snabbit,Consumer > Local Services,Series D,56000000.0,SIG Venture Capital,,,2026-09-21,Karnataka
Bringgg,Consumer > Logistics Tech,Seed,41500.0,Not Disclosed,,,2026-09-21,Andhra Pradesh
Daakit,Consumer > Logistics Tech,Seed,138000.0,Inflection Point Ventures,,,2026-09-21,Haryana
LogiXair,Consumer > Logistics Tech,Seed,,TCA; T-Hub,,,2026-09-21,"Telangana, Overijssel"
SuperProcure,Consumer > Logistics Tech,Seed,1600000.0,Pentathlon Ventures,,,2026-09-21,West Bengal
Damroo,Consumer > Music Tech,Seed,519000.0,Hindustan Times,,,2026-09-21,Maharashtra
Hoopr,Consumer > Music Tech,Seed,,TCA,,,2026-09-21,Maharashtra
OFF/BEAT,Consumer > Music Tech,Seed,10800000.0,Bessemer Venture Partners,,,2026-09-21,Delhi
Upkraft,Consumer > Music Tech,Seed,166000.0,PedalStart,,,2026-09-21,Karnataka
Bakingo,Consumer > Online Gifting,Series B,10500000.0,Faering Capital,,,2026-09-21,Haryana
FlowerAura,Consumer > Online Gifting,Series A,10500000.0,Faering Capital,,,2026-09-21,Haryana
BucketListt,Consumer > Online Travel,Angel,112000.0,Arvind Choudhary,,,2026-09-21,Uttarakhand
Khageshvara Aviation,Consumer > Online Travel,Seed,,Finvolve,,,2026-09-21,Rajasthan
Rimigo,Consumer > Online Travel,Angel,109000.0,SGgrow Capital,,,2026-09-21,"Karnataka, India"
SaffronStays,Consumer > Online Travel,Series A,,Infinity Ventures,,,2026-09-21,Maharashtra
Proho,Consumer > Residential Real Estate Tech,Seed,1000000.0,Bharath Vivek Chandhok,,,2026-09-21,Uttar Pradesh
Square Yards,Consumer > Residential Real Estate Tech,Debt,,Undisclosed,,,2026-09-21,Haryana
Square Yards,Consumer > Residential Real Estate Tech,Series C,95100000.0,Muzinich & Co,,,2026-09-21,Haryana
Lithium Urban Technologies,Consumer > Road Transport Tech,Series B,,JSW Group,,,2026-09-21,Karnataka
Six Sense Mobility,Consumer > Road Transport Tech,Seed,4800000.0,Piper Serica,,,2026-09-21,Delhi
Daffodil Health,Consumer > Social Platforms,Series A,16300000.0,Flare Capital Partners,,,2026-09-21,Karnataka
Gappu,Consumer > Social Platforms,Debt,22000.0,Amit Jain,,,2026-09-21,Karnataka
Gappu,Consumer > Social Platforms,Angel,11000.0,Amit Jain,,,2026-09-21,Karnataka
Misfits,Consumer > Social Platforms,Angel,110000.0,Kanika Tekriwal,,,2026-09-21,Haryana
Treefe,Consumer > Social Platforms,Seed,,Swishin Ventures,,,2026-09-21,Maharashtra
Kingdom Of Chess,Consumer > Sports Tech,Seed,177000.0,BeyondSeed,,,2026-09-21,Rajasthan
PRED,Consumer > Sports Tech,Seed,2500000.0,Accel,,,2026-09-21,Karnataka
SportsSkill,Consumer > Sports Tech,Angel,,Nirav Mody,,,2026-09-21,Maharashtra
TrEV,Consumer > Transport Tech,Angel,393000.0,Undisclosed,,,2026-09-21,Haryana
Kuku FM,Consumer > Vernacular Platforms,Angel,,Mahendra Singh Dhoni,,,2026-09-21,Maharashtra
Ultrahuman,Consumer Electronics - Health Wearables,Series C,48000000.0,Undisclosed,,,2026-09-21,Karnataka
Grest,Consumer Electronics E-Commerce,Seed,1760000.0,Equentis Wealth Advisory Services,,,2026-09-21,Haryana
Ultrahuman,Consumer Electronics E-Commerce,Institutional,5000000.0,Alteria Capital,,,2026-09-21,Karnataka
Ultrahuman,Consumer Electronics E-Commerce,Institutional,65000000.0,Qualcomm Ventures,,,2026-09-21,Karnataka
Aukera,Consumer Goods,Debt,10000000.0,Alteria Capital,,,2026-09-21,Karnataka
Brunomilano,Consumer Goods,Seed,784000.0,Sauce,,,2026-09-21,"Uttar Pradesh, India"
CURAA,Consumer Goods,Institutional,4179999.9999999995,3one4 Capital,,,2026-09-21,Maharashtra
Ekatra,Consumer Goods,Angel,1040000.0,Vasuki Punj,,,2026-09-21,"Maharashtra, India"
Helium Air,Consumer Goods,Seed,2000000.0,India Quotient,,,2026-09-21,Rajasthan
Invisel,Consumer Goods,Seed,419000.0,Indian Angel Network,,,2026-09-21,Maharashtra
Scrubsy,Consumer Goods,Seed,2830000.0,V3 Ventures,,,2026-09-21,Haryana
Zaydn Sneakers,Consumer Goods,Seed,681000.0,Inflection Point Ventures,,,2026-09-21,"Delhi, India"
DSLR,Consumer Goods (Apparel),Series A,9000000.0,Z47,,,2026-09-21,Karnataka
Fitkin,Consumer Goods - Apparel,Angel,108000.0,Vineeta Singh,,,2026-09-21,Delhi
Agilitas,Consumer Goods > Apparel Brands,Angel,,Anushka Sharma,,,2026-09-21,Karnataka
Bonkers Corner,Consumer Goods > Apparel Brands,Series A,10500000.0,India SME Investments,,,2026-09-21,"Maharashtra, India"
HealthFab,Consumer Goods > Apparel Brands,Series A,2100000.0,Atomic Capital,,,2026-09-21,Karnataka
My Designation,Consumer Goods > Apparel Brands,Series A,4410000.0,RPSG Capital Ventures,,,2026-09-21,Kerala
Warriorworld,Consumer Goods > Apparel Brands,Angel,82800.0,Vineeta Singh,,,2026-09-21,Gujarat
LiLLBUD,Consumer Goods > Baby & Kids Products,Seed,634000.0,Zeropearl,,,2026-09-21,Haryana
CHOSEN,Consumer Goods > Beauty & Personal Care,Series A,5000000.0,Fireside Ventures,,,2026-09-21,Tamil Nadu
Puresta,Consumer Goods > Beauty & Personal Care Products,Seed,3700000.0,Spring,,,2026-09-21,Haryana
BabyWorks By Swapnil,Consumer Goods > Fashion Accessories,Angel,66200.0,Aman Gupta,,,2026-09-21,Maharashtra
Ethera,Consumer Goods > Fashion Accessories,Seed,2750000.0,BlueStone,,,2026-09-21,Karnataka
The Artment,Consumer Goods > Home Furnishing Products,Seed,1100000.0,Indian Angel Network,,,2026-09-21,Haryana
The Indus Valley,Consumer Goods > Household Durables,Series B,,Gaja Capital,,,2026-09-21,Tamil Nadu
Bonkers Corner,Consumer Goods – Apparel,Angel,163000.0,Namita Thapar,,,2026-09-21,Maharashtra
Pronto,Consumer Services,Series B,45000000.0,Lachy Groom,,,2026-09-21,"Haryana, India"
Pronto,Consumer Services,Series B,45000000.0,Bain Capital Ventures,,,2026-09-21,"Haryana, India"
Bizz Nextgen,Consumer and SME Loans,Institutional,22700000.0,Beams Fintech Fund,,,2026-09-21,Maharashtra
Indel Money,Consumer and SME Loans,Debt,11000000.0,Kotak Alternate Asset Managers,,,2026-09-21,Maharashtra
Namdev Finvest,Consumer and SME Loans,Debt,37000000.0,FMO,,,2026-09-21,Rajasthan
Wonder Home Finance,Consumer and SME Loans,PE,55000000.0,Growtheum Capital Partners,,,2026-09-21,Rajasthan
CAVA Athleisure,Consumer – Fashion Tech,Series A,4350000.0,Sharrp Ventures,,,2026-09-21,Karnataka
Gully Labs,Consumer – Fashion Tech,Angel,109000.0,Aman Gupta,,,2026-09-21,Uttar Pradesh
LearnTube,Continued Learning,Seed,,Indian Angel Network,,,2026-09-21,Maharashtra
Ninjacart,Crop Tech,Series D,6000000.0,Accel,,,2026-09-21,Karnataka
Tellurisbiotech,Crop Tech,Series A,,BIRAC,,,2026-09-21,Telangana
Bolna,Customer Service Software,Seed,6300000.0,General Catalyst,,,2026-09-21,Karnataka
C-Zentrix,Customer Service Software,Seed,,Aroa Venture Partners,,,2026-09-21,Haryana
Ringg AI,Customer Service Software,Series A,5500000.0,Arkam Ventures,,,2026-09-21,Karnataka
CloudSEK,Cybersecurity,Series B,,Connecticut Innovations,,,2026-09-21,"Singapore,Karnataka"
Innefu Labs,Cybersecurity & AI Analytics,Series B,,Panthera,,,2026-09-21,Delhi
Tsecond.ai,Defense Tech > AI Infrastructure,Series B,21500000.0,MSN Holdings,,,2026-09-21,Karnataka
Turiyam.ai,Developer of artificial general intelligence,Seed,4000000.0,Ankur Capital,,,2026-09-21,Karnataka
RenaissThera,Diabetes,Seed,,Arali Ventures,,,2026-09-21,Karnataka
Celebal Technologies,Digital Transformation Services,Debt,5200000.0,BlackSoil,,,2026-09-21,Rajasthan
Atomgrid,Diversified Chemicals,Debt,,Trifecta Capital,,,2026-09-21,Karnataka
Alteon,Drones,Institutional,2500000.0,Together,,,2026-09-21,Karnataka
SUIND,Drones,Seed,2200000.0,Transition VC,,,2026-09-21,Karnataka
ideaForge,Drones,Post-IPO,52200000.0,Arohi Emerging India Master Fund,,,2026-09-21,Maharashtra
insideFPV,Drones,Seed,660000.0,Gujarat Venture Finance,,,2026-09-21,Gujarat
ONDC,E-Commerce,Series A,7320000.0,Zoho,,,2026-09-21,Delhi
RoadGrid,EV Charging Tech,Seed,1330000.0,Venture Catalysts,,,2026-09-21,Uttar Pradesh
Nprep,EdTech,Seed,1500000.0,Lumikai,,,2026-09-21,Rajasthan
Sarrthi IAS,EdTech,Seed,,Physics Wallah,,,2026-09-21,"Delhi, India"
SpeakX,EdTech,Angel,,Undisclosed,,,2026-09-21,Haryana
Sunstone,EdTech,Series D,17700000.0,WestBridge Capital,,,2026-09-21,Haryana
YoLearn,EdTech,-,,Undisclosed,,,2026-09-21,Haryana
TruScholar,EdTech (K-12 EdTech),Seed,,SucSEED Indovation,,,2026-09-21,Maharashtra
Tutorac Academy,EdTech - Test Preparation Tech,Seed,500000.0,Undisclosed,,,2026-09-21,Telangana
UpGrad,EdTech > Continued Learning,Series C,38000000.0,Temasek,,,2026-09-21,Maharashtra
EventBeep,EdTech > Higher Education Tech,Seed,850000.0,Knowhere,,,2026-09-21,Maharashtra
90+ My Tuition App,EdTech > K-12 EdTech,Series A,,Equity Intelligence,,,2026-09-21,Karnataka
Lytmus,EdTech > K-12 EdTech,Seed,529000.0,Boundless Ventures,,,2026-09-21,Karnataka
Padhle,EdTech > K-12 EdTech,Seed,,Filadd,,,2026-09-21,"Madhya Pradesh, India"
SpEd@home,EdTech > K-12 EdTech,Grant,,Scitech Park,,,2026-09-21,Maharashtra
YoLearn,EdTech > K-12 EdTech,Seed,500000.0,dataAlpha,,,2026-09-21,Haryana
Zeromoblt,EdTech > K-12 EdTech,Seed,165000.0,Sandeep Varaganti,,,2026-09-21,Telangana
Skillre,EdTech > Test Preparation Tech,Seed,,Real Time Accelerator Fund,,,2026-09-21,Uttar Pradesh
Varthana,Education Finance,Debt,6000000.0,WaterEquity,,,2026-09-21,Karnataka
E3 Electric,Electric Vehicles,Debt,2600000.0,BluVenture Holdings,,,2026-09-21,Karnataka
E3 Electric,Electric Vehicles,Series A,7800000.0,BluVenture Holdings,,,2026-09-21,Karnataka
GreenCell Mobility,Electric Vehicles,Debt,,IFC,,,2026-09-21,Maharashtra
GreenCell Mobility,Electric Vehicles,Series C,89000000.0,IFC,,,2026-09-21,Maharashtra
Matel,Electric Vehicles,Series B,13600000.0,UC Impower,,,2026-09-21,Maharashtra
Omega Seiki Mobility,Electric Vehicles,Angel,73100.0,Roopsi Agarwal,,,2026-09-21,Delhi
RoadGrid,Electric Vehicles,Grant (Prize Money),1360000.0,Technology Development Board,,,2026-09-21,Uttar Pradesh
Zenergize,Electric Vehicles,Undisclosed,,Undisclosed,,,2026-09-21,Haryana
Sensesemi,Embedded Systems,Seed,2700000.0,Piper Serica,,,2026-09-21,Karnataka
SunSure,Energy,Institutional,628000.0,Undisclosed,,,2026-09-21,Haryana
Roofsol Energy,Energy (Solar Energy),Series B,35600000.0,Undisclosed,,,2026-09-21,Maharashtra
OMC Power,Energy - Solar,Series C,17300000.0,Undisclosed,,,2026-09-21,Haryana
ReNew,Energy - Solar Energy,Post-IPO,95000000.0,LeapFrog Investments,,,2026-09-21,Haryana
Eppeltone Engineers,Energy > Electricity Transmission & Distribution Equipment,Post-IPO,2290000.0,Waaree Energies,,,2026-09-21,Uttar Pradesh
Coulomb Litech,Energy > Energy Storage,Seed,2200000.0,Anikarth Ventures,,,2026-09-21,Maharashtra
e-TRNL Energy,Energy > Energy Storage,Seed,3020000.0,Indian Angel Network,,,2026-09-21,Karnataka
JP Power Ventures,Energy > Hydro Power,Unattributed,,Adani Power,,,2026-09-21,Delhi
Pranos Fusion,Energy > Nuclear Energy,Seed,6800000.0,pi Ventures,,,2026-09-21,Karnataka
Aditya Birla Renewables,Energy > Solar Energy,PE,,Global Infrastructure Partners,,,2026-09-21,Maharashtra
Evolve Energy Group,Energy > Solar Energy,Debt,11000000.0,AIFL,,,2026-09-21,Tamil Nadu
GREW Solar,Energy > Solar Energy,Series D,116000000.0,Bay Capital,,,2026-09-21,Gujarat
Roofsol Energy,Energy > Solar Energy,Debt,27600000.0,AIFL,,,2026-09-21,Maharashtra
Albatross Energetics,Energy Efficiency Tech,Seed,1050000.0,Transition VC,,,2026-09-21,Maharashtra
Optimist,Energy Efficiency Tech,Seed,12000000.0,Accel,,,2026-09-21,Delhi
NewTrace,Energy Storage,Seed,6300000.0,HDFC Bank,,,2026-09-21,Karnataka
VoltSeal,Energy Storage,Seed,1500000.0,Theia Ventures,,,2026-09-21,Uttar Pradesh
Aloe Ecell,Energy Storage Tech,Debt,110000.0,Recur Club,,,2026-09-21,Rajasthan
Aloe Ecell,Energy Storage Tech,Seed,276000.0,A Velumani,,,2026-09-21,Rajasthan
BatX Energies,Energy Storage Tech,Series A,11000000.0,IvyCap Ventures,,,2026-09-21,Haryana
Chargeup,Energy Storage Tech,Seed,2400000.0,Indian Angel Network,,,2026-09-21,Delhi
Lohum,Energy Storage Tech,Series C,24000000.0,Poonawalla Vision Fund,,,2026-09-21,Uttar Pradesh
MEINE Electric,Energy Storage Tech,Seed,750000.0,Antler,,,2026-09-21,Delhi
BGauss,Energy Tech,Series D,11600000.0,Adesh Realtor,,,2026-09-21,"Maharashtra, India"
Battery Smart,Energy Tech,Series C,19500000.0,Rising Tide,,,2026-09-21,"Delhi, India"
Battery Smart,Energy Tech,Debt,13000000.0,responsAbility,,,2026-09-21,Delhi
BiofuelCircle,Energy Tech,Series B,3670000.0,Varanium,,,2026-09-21,Maharashtra
GreenJoules,Energy Tech,Series B,6500000.0,Singularity AMC,,,2026-09-21,"Maharashtra, India"
Leanwatts,Energy Tech,Institutional,2000000.0,Trivest,,,2026-09-21,Karnataka
MATTER,Energy Tech,Institutional,25000000.0,Undisclosed,,,2026-09-21,Gujarat
Milo Drive,Energy Tech,Seed,2400000.0,Caret Capital,,,2026-09-21,Haryana
Omega Seiki Mobility,Energy Tech,Series A,5230000.0,Sanjeev Agarwal Family Office,,,2026-09-21,"Delhi, India"
Yuma Energy,Energy Tech,Corporate,35000000.0,Magna,,,2026-09-21,Karnataka
Zenergize,Energy Tech,-,,Undisclosed,,,2026-09-21,Haryana
Polaris,Energy Tech (Smart Grid),Debt,80000000.0,British International Investment,,,2026-09-21,Rajasthan
Euler Motors,Energy Tech - Electric Vehicles,Series D,8119999.999999999,BlackSoil,,,2026-09-21,Delhi
Battery Smart,Energy Tech > EV,Debt,15000000.0,Mirova,,,2026-09-21,Delhi
Astranova Mobility,Energy Tech > Electric Vehicles,Series A,6490000.0,IvyCap Ventures,,,2026-09-21,Haryana
Ather Energy,Energy Tech > Electric Vehicles,Post-IPO,135000000.0,ADIA,,,2026-09-21,Karnataka
Bacancy Systems,Energy Tech > Electric Vehicles,Series A,4220000.0,Sabre Partners,,,2026-09-21,Gujarat
Battery Smart,Energy Tech > Electric Vehicles,Series B,7400000.0,Acacia Inclusion,,,2026-09-21,"Delhi, India"
Bounce Infinity,Energy Tech > Electric Vehicles,Series F,3900000.0,Accel,,,2026-09-21,Haryana
Euler Motors,Energy Tech > Electric Vehicles,Series E,47000000.0,Lightrock,,,2026-09-21,Delhi
Omega Seiki Mobility,Energy Tech > Electric Vehicles,Series A,5180000.0,Securocrop Securities,,,2026-09-21,Delhi
Pluto Mobility,Energy Tech > Electric Vehicles,Seed,2000000.0,Version One Ventures,,,2026-09-21,Delhi
Rideriver,Energy Tech > Electric Vehicles,Series C,102000000.0,Elev8,,,2026-09-21,Karnataka
Rideriver,Energy Tech > Electric Vehicles,Venture Debt,18000000.0,Alteria Capital,,,2026-09-21,Karnataka
Simpl Energy,Energy Tech > Electric Vehicles,Debt,12900000.0,Capitar Ventures,,,2026-09-21,Karnataka
Simpl Energy,Energy Tech > Electric Vehicles,Series B,13300000.0,Arokiaswamy Velumani,,,2026-09-21,Karnataka
Zeno,Energy Tech > Electric Vehicles,Series A,25000000.0,Congruent Ventures,,,2026-09-21,"Karnataka, India"
Zeno,Energy Tech > Electric Vehicles,Debt,,Trifecta Capital,,,2026-09-21,"Karnataka, India"
Hycosys,Energy Tech > Energy Storage Tech,Seed,1000000.0,MountTech Growth Fund,,,2026-09-21,Karnataka
ThunderPlus,Energy Tech > Energy Storage Tech,Debt,327000.0,SBI,,,2026-09-21,"Telangana, India"
TruBoard,Energy Tech > Renewable Energy Tech,Seed,2200000.0,Earthfund,,,2026-09-21,Maharashtra
Kimbal,Energy Tech > Smart Grid,Series B,22000000.0,GEF Capital Partners,,,2026-09-21,Delhi
Vimag Labs,Energy Tech – Electric Vehicles,Series A,5000000.0,Accel,,,2026-09-21,Karnataka
Dreamfly Innovations,Energy Tech – Energy Storage Tech,Venture Debt,327000.0,SIDBI,,,2026-09-21,Karnataka
Aerchain,Enterprise Applications,Corporate,,Undisclosed,,,2026-09-21,Karnataka
Dhiway,Enterprise Applications,Grant,,HDFC Bank,,,2026-09-21,Karnataka
DocsTribe,Enterprise Applications,Seed,,ABGD Ventures,,,2026-09-21,Haryana
Entitled,Enterprise Applications,Grant,,HDFC Bank,,,2026-09-21,Maharashtra
SCIkIQ,Enterprise Applications,Seed,1500000.0,Triton Investment Advisors,,,2026-09-21,Haryana
Vobiz,Enterprise Applications,Seed,1000000.0,Piper Serica,,,2026-09-21,"Karnataka, India"
Zenalyst,Enterprise Applications,Seed,313000.0,SKIL Cabs,,,2026-09-21,"Karnataka, India"
Algo8,Enterprise Applications (Big Data Analytics),Seed,,Chemelex,,,2026-09-21,Uttar Pradesh
TraqCheck,Enterprise Applications (HRTech),Series A,8000000.0,IvyCap Ventures Advisors,,,2026-09-21,Delhi
Intellithink,Enterprise Applications (Manufacturing Tech),Seed,1820000.0,Pentathlon Ventures,,,2026-09-21,Tamil Nadu
GobbleCube,Enterprise Applications (Sales Force Automation),Series A,15000000.0,SIG Venture Capital,,,2026-09-21,Haryana
CometChat,Enterprise Applications - Customer Success,Series A,6500000.0,Run Ventures,,,2026-09-21,Maharashtra
Grapevine,Enterprise Applications - HRTech,Series B,4099999.9999999995,Kae Capital,,,2026-09-21,Karnataka
Bamboobox,Enterprise Applications - MarketingTech,Series A,6600000.0,Peak XV Partners,,,2026-09-21,Karnataka
Aerchain,Enterprise Applications - SCM Software,Series A,13000000.0,Pavestone Capital,,,2026-09-21,Karnataka
NTWIST,Enterprise Applications > Business Intelligence,Debt,727000.0,Government of Canada,,,2026-09-21,"Telangana, Alberta"
Samekar,Enterprise Applications > Business Process Management Software,Seed,5000000.0,CGB Capital,,,2026-09-21,Karnataka
Kapture,Enterprise Applications > Customer Service Software,Series A,10000000.0,Cactus Partners,,,2026-09-21,Karnataka
Cheerio AI,Enterprise Applications > Customer Success Management,Seed,868000.0,Artha Venture Fund,,,2026-09-21,"Karnataka, India"
Rocketlane,Enterprise Applications > Enterprise Collaboration,Series C,60000000.0,Insight Partners,,,2026-09-21,"Delaware, Tamil Nadu"
IDfy,Enterprise Applications > GRC Software,Series F,24300000.0,Neo Asset Management,,,2026-09-21,Maharashtra
Amaha,Enterprise Applications > HRTech,Series A,5280000.0,Fireside Ventures,,,2026-09-21,Maharashtra
Atypical Advantage,Enterprise Applications > HRTech,Seed,290000.0,Next Bharat Ventures,,,2026-09-21,Jharkhand
Grapevine,Enterprise Applications > HRTech,Series A,,Peak XV Partners,,,2026-09-21,Karnataka
Kello,Enterprise Applications > HRTech,Seed,,Peak XV Partners,,,2026-09-21,Karnataka
PickMyWork,Enterprise Applications > HRTech,Angel,500000.0,Tim Draper,,,2026-09-21,Haryana
TimBuckDo,Enterprise Applications > HRTech,Seed,298000.0,Turbostart,,,2026-09-21,Karnataka
Lawyered,Enterprise Applications > Legal Tech,Seed,2500000.0,Rainmatter,,,2026-09-21,Haryana
Nyai,Enterprise Applications > Legal Tech,Seed,1500000.0,Undisclosed,,,2026-09-21,Maharashtra
DATOMS,Enterprise Applications > Manufacturing Tech,Series A,2760000.0,Big Capital JSC,,,2026-09-21,Karnataka
Grevoro,Enterprise Applications > Manufacturing Tech,Seed,4730000.0,Undisclosed,,,2026-09-21,Karnataka
FlexPrice.io,Enterprise Applications > MarketingTech,Seed,1500000.0,Shastra,,,2026-09-21,"Haryana, California"
Gushwork,Enterprise Applications > MarketingTech,Seed,9000000.0,SIG Venture Capital,,,2026-09-21,"Delaware, Karnataka"
Memfold,Enterprise Applications > MarketingTech,Seed,,Peak XV Partners,,,2026-09-21,-
Profound,Enterprise Applications > MarketingTech,Seed,1500000.0,3one4 Capital,,,2026-09-21,Karnataka
ANSCER,Enterprise Applications > SCM Software,Series A,4600000.0,Indian Angel Network,,,2026-09-21,Karnataka
BharatTender,Enterprise Applications > SCM Software,Seed,132000.0,Undisclosed,,,2026-09-21,Haryana
Kris@Work,Enterprise Applications > Sales Force Automation,Seed,3000000.0,Info Edge Ventures,,,2026-09-21,Karnataka
Retner,Enterprise Applications > Sales Force Automation,Seed,,Growth Sense,,,2026-09-21,Gujarat
Superleap,Enterprise Applications > Sales Force Automation,Seed,3780000.0,Peak XV Partners,,,2026-09-21,Karnataka
Spotdraft Legal,Enterprise Applications – RPA,Series B,8000000.0,Qualcomm Ventures,,,2026-09-21,"New York, Karnataka"
Trackersuite,Enterprise Collaboration,Seed,634000.0,Pontaq,,,2026-09-21,Uttar Pradesh
Yotta,Enterprise Infrastructure,Series D,150000000.0,SBI,,,2026-09-21,Maharashtra
Neysa,Enterprise Infrastructure > Cloud Infrastructure,Series B,600000000.0,TVS Capital Funds,,,2026-09-21,Maharashtra
Deep Algorithms,Enterprise Infrastructure > Cybersecurity,Seed,1710000.0,Unicorn India Ventures,,,2026-09-21,Telangana
Pramatra Space,Enterprise Infrastructure > Cybersecurity,Seed,,Seafund,,,2026-09-21,Karnataka
Satark AI,Enterprise Infrastructure > Cybersecurity,Seed,,Infynno Solutions,,,2026-09-21,Gujarat
Monk CI,Enterprise Infrastructure > DevOps,Seed,450000.0,Campus Fund,,,2026-09-21,Karnataka
Nudgebee,Enterprise Infrastructure > IT Operations,Seed,3000000.0,Kalaari Capital,,,2026-09-21,Maharashtra
Noval Waste Management,Environment,Seed,,RISE,,,2026-09-21,Maharashtra
Boston Green,Environment - Waste & Water Management,PE,,Fort Point Capital,,,2026-09-21,-
Arya,Environment > Environment Consultancy Services,Seed,,Axis AMC,,,2026-09-21,Karnataka
Reneonix,Environment > Waste & Water Management,Seed,187000.0,Inflection Point Ventures,,,2026-09-21,Tamil Nadu
Adage,Environment Tech,Series B,24200000.0,Global South Capital,,,2026-09-21,Goa
Earthsync,Environment Tech,Seed,1000000.0,Theia Ventures,,,2026-09-21,Rajasthan
Ecoil,Environment Tech,Series A,2500000.0,Fundalogical Ventures,,,2026-09-21,Rajasthan
Neuromod Aqua,Environment Tech,Seed,,Porush Jain,,,2026-09-21,"Delhi, India"
Novorbis,Environment Tech > Air Pollution,Seed,1410000.0,Rainmatter,,,2026-09-21,Maharashtra
Prithu,Environment Tech > Air Pollution,Seed,1060000.0,Transition VC,,,2026-09-21,Haryana
Intrinsic Foundries,Environment Tech > Air Pollution Management Tech,Seed,1400000.0,Transition VC,,,2026-09-21,Jharkhand
Varaha,Environment Tech > Air Pollution Management Tech,Series B,2200000.0,Vaom Special Opportunity,,,2026-09-21,Haryana
DigitalPaani,Environment Tech > Water and Wastewater Management Tech,Seed,,AWE Funds,,,2026-09-21,Haryana
ScrapUncle,Environment Tech – Recycling,Seed,2400000.0,Orios Venture Partners,,,2026-09-21,Delhi
RCX Light,Event Management Services,Angel,10900.0,Aman Gupta,,,2026-09-21,Bihar
RCX Light,Event Management Services,Debt,43600.0,Aman Gupta,,,2026-09-21,Bihar
Kesari Awayddings,Events Tech,Debt,109000.0,Aman Gupta,,,2026-09-21,Goa
Kesari Awayddings,Events Tech,Angel,109000.0,Aman Gupta,,,2026-09-21,Goa
Ekatra,Fashion Accessories,Angel,,Ekta Kapoor Ravi,,,2026-09-21,Maharashtra
Comet,Fashion Tech,Institutional,10200000.0,Verlinvest,,,2026-09-21,Karnataka
Escape Plan,Fashion Tech,Series A,25000000.0,Jungle Ventures,,,2026-09-21,Karnataka
Fiona Diamond,Fashion Tech,Seed,1930000.0,Recur Club,,,2026-09-21,Maharashtra
Gully Labs,Fashion Tech,Series A,3000000.0,Saama Capital,,,2026-09-21,Uttar Pradesh
Invogue Shop,Fashion Tech,Angel,221000.0,Aman Gupta,,,2026-09-21,Delhi
Krvvy,Fashion Tech,Angel,133000.0,Namita Thapar,,,2026-09-21,Uttar Pradesh
Limelight,Fashion Tech,Series B,28900000.0,Bhathwari Group,,,2026-09-21,Maharashtra
Mokobara,Fashion Tech,Institutional,18000000.0,Sauce,,,2026-09-21,Karnataka
ONYC,Fashion Tech,Debt,164000.0,Recur Club,,,2026-09-21,Haryana
ONYC,Fashion Tech,Seed,378000.0,Recur Club,,,2026-09-21,Haryana
Taasha Craft,Fashion Tech,Angel,83000.0,Aman Gupta,,,2026-09-21,Gujarat
Trisu,Fashion Tech,Angel,115000.0,Ankur Mittal,,,2026-09-21,Haryana
ZILO,Fashion Tech,Series A,15300000.0,Peak XV Partners,,,2026-09-21,Maharashtra
Rusk Media,Film & TV Studios,Series B,10600000.0,Audacity,,,2026-09-21,Maharashtra
ALT,FinTech,Seed,664000.0,Nila Spaces,,,2026-09-21,Karnataka
BimaKavach,FinTech,Seed,,Beyond Capital Ventures,,,2026-09-21,Karnataka
Centricity,FinTech,Venture Debt,5240000.0,Undisclosed,,,2026-09-21,Haryana
Centricity,FinTech,Series A,24100000.0,SMBC Asia Rising Fund,,,2026-09-21,Haryana
Ecofy,FinTech,Debt,15000000.0,Mirova,,,2026-09-21,"Maharashtra, India"
Ecofy,FinTech,Debt,15000000.0,FMO,,,2026-09-21,"Maharashtra, India"
FinSpring,FinTech,Seed,,VideoCX,,,2026-09-21,Karnataka
Finsall,FinTech,Grant,,HDFC Bank,,,2026-09-21,Karnataka
Growwmf,FinTech,Corporate,20700000.0,Undisclosed,,,2026-09-21,Karnataka
Inka Insurance,FinTech,Grant,,HDFC Bank,,,2026-09-21,Rajasthan
Jio Credit,FinTech,Series D,1910000000.0,Bank of America,,,2026-09-21,Maharashtra
Lark Finserv,FinTech,Grant,,HDFC Bank,,,2026-09-21,Uttar Pradesh
Navi,FinTech,Series C,100000000.0,Prosus,,,2026-09-21,"Karnataka, India"
OneCard,FinTech,Series D,7600000.0,Peak XV Partners,,,2026-09-21,Maharashtra
Rezolv,FinTech,Series A,12500000.0,Norwest,,,2026-09-21,"Maharashtra, India"
Savemfi,FinTech,Debt,314000.0,State Bank of India,,,2026-09-21,Undisclosed
Savemfi,FinTech,Debt,4190000.0000000005,Indian Overseas Bank,,,2026-09-21,-
Saventh,FinTech,Grant,,HDFC Bank,,,2026-09-21,Maharashtra
Unico Housing Finance,FinTech,Series B,5770000.0,Anicut Capital,,,2026-09-21,Tamil Nadu
ValuEnable,FinTech,Grant,,HDFC Bank,,,2026-09-21,Maharashtra
Xaults,FinTech,Grant,,HDFC Bank,,,2026-09-21,Karnataka
BlackSoil,FinTech - Alternative Lending,Debt,22000000.0,Impact Fund Denmark,,,2026-09-21,Maharashtra
Credilio,FinTech - Alternative Lending,Series A,3300000.0,Cornerstone Ventures,,,2026-09-21,Maharashtra
Ecofy,FinTech - Alternative Lending,Series B,42000000.0,British International Investment,,,2026-09-21,Maharashtra
Finfinity,FinTech - Alternative Lending,Seed,2400000.0,Mankind Pharma Family Office,,,2026-09-21,Maharashtra
Recur Club,FinTech / Alternative Lending,Series A,,Enrission India Capital,,,2026-09-21,Delhi
WeRize,FinTech / Alternative Lending,Series B,7000000.0,Sony Innovation Fund,,,2026-09-21,Karnataka
Atlas,FinTech > Accounting Tech,Seed,6000000.0,Accel,,,2026-09-21,Karnataka
Dugar Finance,FinTech > Alternative Lending,Seed,5000000.0,Hegdinvst,,,2026-09-21,Tamil Nadu
Dugar Finance,FinTech > Alternative Lending,Seed,5000000.0,Symbiotics Group,,,2026-09-21,Tamil Nadu
Exponent One,FinTech > Alternative Lending,Seed,2000000.0,AdvantEdge,,,2026-09-21,Karnataka
FREED,FinTech > Alternative Lending,Series A,6600000.0,Aavishkaar Capital,,,2026-09-21,Haryana
GetVantage,FinTech > Alternative Lending,Debt,,VCMint,,,2026-09-21,Maharashtra
GetVantage,FinTech > Alternative Lending,Series A,6600000.0,Chiratae Ventures,,,2026-09-21,Maharashtra
Indifi,FinTech > Alternative Lending,Debt,4220000.0,BlackSoil,,,2026-09-21,Haryana
KreditBee,FinTech > Alternative Lending,Series E,220000000.0,Motilal Oswal,,,2026-09-21,Karnataka
Oolka,FinTech > Alternative Lending,Series A,14000000.0,Accel,,,2026-09-21,Karnataka
Roopya,FinTech > Alternative Lending,Seed,439000.0,Inflection Point Ventures,,,2026-09-21,Haryana
Solfin,FinTech > Alternative Lending,Series C,28900000.0,Undisclosed,,,2026-09-21,Haryana
StrideOne,FinTech > Alternative Lending,Series B,11000000.0,Matrix,,,2026-09-21,"Haryana, India"
StrideOne,FinTech > Alternative Lending,Debt,,Matrix,,,2026-09-21,"Haryana, India"
True Balance,FinTech > Alternative Lending,Debt,10000000.0,Northern Arc Capital,,,2026-09-21,"Haryana, India"
CredResolve,FinTech > Banking Tech,Seed,,Merak Ventures,,,2026-09-21,Haryana
CredResolve,FinTech > Banking Tech,Seed,,PedalStart,,,2026-09-21,Haryana
Hop,FinTech > Banking Tech,Seed,825000.0,Zaggle,,,2026-09-21,Karnataka
Sign3,FinTech > Banking Tech,Seed,1500000.0,Cedar Hill Capital (formerly Cedar-IBSi Capital),,,2026-09-21,Haryana
Uncia,FinTech > Banking Tech,Seed,3000000.0,Pavestone Capital,,,2026-09-21,Tamil Nadu
CotoPay,FinTech > Finance & Accounting Tech,Angel,82800.0,Anupam Mittal,,,2026-09-21,Delhi
BUSINESSNEXT,FinTech > Insurance IT,Series B,40000000.0,ServiceNow,,,2026-09-21,Uttar Pradesh
Inrisk Labs,FinTech > Insurance IT,Series A,27000000.0,Bessemer Venture Partners,,,2026-09-21,Gujarat
Mitigata,FinTech > Insurance IT,Series B,15000000.0,Bessemer Venture Partners,,,2026-09-21,Karnataka
NeuralKart,FinTech > Insurance IT,Seed,244000.0,Inflection Point Ventures,,,2026-09-21,Karnataka
Bachatt,FinTech > Investment Tech,Series A,12000000.0,Accel,,,2026-09-21,Delhi
Bachatt,FinTech > Investment Tech,Series A,12000000.0,Lightspeed Venture Partners,,,2026-09-21,Delhi
Finnovate,FinTech > Investment Tech,Seed,2000000.0,Ramakant Deshpande,,,2026-09-21,Maharashtra
ILIOS 72 Alternative Capital,FinTech > Investment Tech,Seed,215000.0,Undisclosed,,,2026-09-21,Haryana
Kalpi,FinTech > Investment Tech,Seed,450000.0,Rainmatter,,,2026-09-21,Telangana
Rovia,FinTech > Investment Tech,Seed,1000000.0,Antler,,,2026-09-21,Karnataka
Sahi,FinTech > Investment Tech,Series B,33000000.0,Accel,,,2026-09-21,Karnataka
Stable Money,FinTech > Investment Tech,Series C,14300000.0,Fundamentum,,,2026-09-21,Karnataka
Stable Money,FinTech > Investment Tech,Series B,25000000.0,Peak XV Partners,,,2026-09-21,Karnataka
Zanskar,FinTech > Investment Tech,Seed,2700000.0,BlackSoil,,,2026-09-21,Karnataka
Zave,FinTech > Investment Tech,Seed,497000.0,Inflection Point Ventures,,,2026-09-21,Karnataka
7 Ring,FinTech > Payments,Seed,,Shivam Malhotra,,,2026-09-21,Maharashtra
BharatPe,FinTech > Payments,Debt,10000000.0,RevX Capital,,,2026-09-21,"Haryana, India"
Mintoak,FinTech > Payments,Debt,9000000.0,BlackSoil,,,2026-09-21,Maharashtra
Novio,FinTech > Payments,Venture Debt,2440000.0,Innoven Capital,,,2026-09-21,Maharashtra
Novio,FinTech > Payments,Series A,8279999.999999999,Cornerstone Ventures,,,2026-09-21,Maharashtra
Orbit Wallet,FinTech > Payments,Angel,65600.0,100X.VC,,,2026-09-21,"Karnataka, India"
Scapia,FinTech > Payments,Series C,63000000.0,General Catalyst,,,2026-09-21,Karnataka
ToneTag,FinTech > Payments,Series B,5000000.0,Qualcomm Ventures,,,2026-09-21,Karnataka
Navanc,FinTech > RegTech,Seed,586000.0,Equentis Wealth Advisory Services,,,2026-09-21,Karnataka
Navanc,FinTech > RegTech,Seed,586000.0,QED Innovation Labs,,,2026-09-21,Karnataka
Easy Home Finance,FinTech – Alternative Lending,Series C,30000000.0,Investcorp,,,2026-09-21,Maharashtra
Hisab Kitab,Finance & Accounting Tech,Seed,,Undisclosed,,,2026-09-21,Gujarat
Rivvun AI,Finance & Accounting Tech,Seed,7550000.0,3one4 Capital,,,2026-09-21,"Washington, Maharashtra"
Keertana,Financial Services,Series B,24100000.0,Neo Wealth Partners,,,2026-09-21,Telangana
Nexedge Capital,Financial Services,Institutional,20000000.0,Mirae Asset Venture Investments,,,2026-09-21,Delhi
Olyv,Financial Services,Series C,23000000.0,Fundamentum,,,2026-09-21,Karnataka
PropLegit,Financial Services,Grant,,HDFC Bank,,,2026-09-21,Gujarat
Steadfast Consultants,Financial Services,Seed,,Raju Menon,,,2026-09-21,Telangana
Neo Group,Financial Services - Asset Management,PE,53700000.0,TVS Capital Funds,,,2026-09-21,Maharashtra
Svasti,Financial Services - Microfinance,Debt,,Abler Nordic,,,2026-09-21,Tamil Nadu
Svasti,Financial Services - Microfinance,Series C,5140000.0,Abler Nordic,,,2026-09-21,Tamil Nadu
Optimo Capital,Financial Services - SME Loans,Debt,10800000.0,Punjab National Bank,,,2026-09-21,Karnataka
Vasuki India,Financial Services > Asset Management,Series A,10500000.0,Undisclosed,,,2026-09-21,Maharashtra
Moneyboxx,Financial Services > Consumer and SME Loans,Post-IPO,3630000.0,Caspian Debt,,,2026-09-21,"Maharashtra, India"
Annapurna Finance,Financial Services > Microfinance,Debt,100000000.0,Undisclosed,,,2026-09-21,Odisha
Sindhuja Microcredit,Financial Services > Microfinance,Series C,5000000.0,Abler Nordic,,,2026-09-21,"Bihar, India"
Sindhuja Microcredit,Financial Services > Microfinance,Series C,5000000.0,Carpediem Capital,,,2026-09-21,"Bihar, India"
Metafin,Financial Services > Service Providers to Banks,Debt,10000000.0,Lendable,,,2026-09-21,Maharashtra
Vault by Virat Kohli,Fitness & Wellness Chains,Angel,,Virat Kohli,,,2026-09-21,Delhi
FITTR,Fitness & Wellness Tech,Angel,,Rohit Gurunath Sharma,,,2026-09-21,Maharashtra
Dhun Wellness,Fitness and Wellness Centers,Series A,4000000.0,SRF,,,2026-09-21,Maharashtra
KSKT,Food & AgriTech - Online Grocery,Seed,1000000.0,Hindustan Media Ventures,,,2026-09-21,Haryana
Pluckk,Food & AgriTech > Online Grocery,Series A,10800000.0,Euro Gulf Investments,,,2026-09-21,Maharashtra
Gaonrestaurant,Food & Agriculture,Seed,1050000.0,Indifi,,,2026-09-21,Delhi
Gaonrestaurant,Food & Agriculture,Debt,,Indifi,,,2026-09-21,Delhi
KisaanSay,Food & Agriculture,Series A,3650000.0,NABVENTURES,,,2026-09-21,Haryana
Cohoma Coffee,Food & Agriculture (F&B Products),Seed,536000.0,Inflection Point Ventures,,,2026-09-21,Uttar Pradesh
Hocco,Food & Agriculture (Food Service Chains),Series C,10700000.0,Sauce,,,2026-09-21,Gujarat
Barneys,Food & Agriculture > Alcoholic Beverage Products,Seed,,TCA,,,2026-09-21,Goa
FRUBON,Food & Agriculture > Food & Beverage,Series B,,Fireside Ventures,,,2026-09-21,Rajasthan
Rosier Foods,Food & Agriculture > Food & Beverage,Seed,,SailThru Ventures,,,2026-09-21,Delhi
Trimex Foods,Food & Agriculture > Food Service,PE,40000000.0,Siguler Guff,,,2026-09-21,Delhi
Doodhvale Farms,Food & Agriculture Tech,Seed,1000000.0,Atomic Capital,,,2026-09-21,Delhi
House of Biryan,Food & Agriculture Tech > Food Tech,Angel,,Amol Parashar,,,2026-09-21,Maharashtra
Mama Nourish,Food & Agriculture Tech > Online Grocery,Angel,221000.0,Aman Gupta,,,2026-09-21,Maharashtra
Wingreens World,Food & Agriculture Tech > Online Grocery,Series D,12600000.0,Alchemy Capital Management,,,2026-09-21,"Haryana, India"
Wingreens World,Food & Agriculture Tech > Online Grocery,Series D,12600000.0,Anicut Capital,,,2026-09-21,"Haryana, India"
Awsum,Food & Beverage,Angel,109000.0,Namita Thapar,,,2026-09-21,Uttar Pradesh
Bombay Banta,Food & Beverage,Seed,836000.0,DSG Consumer Partners,,,2026-09-21,Haryana
CHINI KUM,Food & Beverage,Angel,111000.0,Varun Sachdeva,,,2026-09-21,Uttar Pradesh
Fulva,Food & Beverage,Angel,,Aman Gupta,,,2026-09-21,Kerala
Good Monk,Food & Beverage,Seed,3650000.0,RPSG Capital Ventures,,,2026-09-21,Karnataka
MOI SOI,Food & Beverage,Seed,,Gujarat Venture Finance,,,2026-09-21,Maharashtra
The Sweet Change,Food & Beverage,Seed,73200.0,Indian Angel Network,,,2026-09-21,Delhi
Woodsmen Mountain Whiskey,Food & Beverage - Alcohol,Series A,1190000.0,DA Group,,,2026-09-21,Delhi
Anmasa,Food & Beverage Products,Seed,3120000.0,Fireside Ventures,,,2026-09-21,Haryana
Drickle,Food & Beverage Products,Seed,55400.0,Shaili Chopra,,,2026-09-21,Karnataka
Gimimichi,Food & Beverage Products,Seed,1000000.0,India Quotient,,,2026-09-21,Uttarakhand
Manam Chocolate,Food & Beverage Products,Series A,9000000.0,Omnivore,,,2026-09-21,Telangana
Stroom,Food & Beverage Products,Angel,110000.0,Vineeta Singh,,,2026-09-21,Gujarat
The Sweet Change,Food & Beverage Products,Seed,178000.0,Rebalance,,,2026-09-21,Delhi
TruNativ,Food & Beverage Products,Series B,,Orbimed,,,2026-09-21,Maharashtra
GoOAT,Food & Nutrition,Seed,177000.0,D2C Insider,,,2026-09-21,Rajasthan
OneKiraana,Food Packaging,Seed,1600000.0,Ankur Capital,,,2026-09-21,Maharashtra
Foodstories,Food Retailers,Series B,5250000.0,NSFO,,,2026-09-21,Maharashtra
Basil,Food Service,Seed,1500000.0,Whiteboard Capital,,,2026-09-21,Delhi
33&Brew,Food Service Chains,Series A,2200000.0,Optimistic Capital,,,2026-09-21,Karnataka
Babai Tiffins,Food Service Chains,Venture Debt,273000.0,Recur Club,,,2026-09-21,Karnataka
Babai Tiffins,Food Service Chains,Seed,872000.0,Warmup Ventures,,,2026-09-21,Karnataka
Burger Singh,Food Service Chains,Series B,9000000.0,Artal Asia,,,2026-09-21,Haryana
Arboreal,Food Tech,Series A,24000000.0,Omnivore,,,2026-09-21,Uttar Pradesh
Dil Foods,Food Tech,Series B,7700000.0,V3 Ventures,,,2026-09-21,Karnataka
Revelations Biotech,Food Tech,Seed,,BIRAC,,,2026-09-21,Telangana
Big Mishra,Food and Agriculture,Series C,31300000.0,Bharat Value Fund,,,2026-09-21,"Karnataka, India"
Biryani Bees,Food and Agriculture,Institutional,1000000.0,Undisclosed,,,2026-09-21,Uttar Pradesh
First Coffee,Food and Agriculture,Seed,1300000.0,DG Daiwa Ventures,,,2026-09-21,"Delhi, India"
Jagdish Farshan,Food and Agriculture,Institutional,4550000.0,Sharrp Ventures,,,2026-09-21,Gujarat
Third Wave Coffee,Food and Agriculture,Series D,42600000.0,WestBridge Capital,,,2026-09-21,"Karnataka, India"
Mikiamo Limoncello,Food and Agriculture > Alcoholic Beverage Products,Seed,,Diageo India,,,2026-09-21,Goa
Agrow Allied,Food and Agriculture > Crop Inputs,Series B,20000000.0,ICICI Venture,,,2026-09-21,Haryana
HURL,Food and Agriculture > Crop Inputs,Debt,1370000000.0,IRFC,,,2026-09-21,Delhi
Anveshan,Food and Agriculture > Food & Beverage Products,Series B,12700000.0,Vertex Ventures,,,2026-09-21,Karnataka
Awsum,Food and Agriculture > Food & Beverage Products,Angel,53300.0,Ritesh Agarwal,,,2026-09-21,Uttar Pradesh
Azista,Food and Agriculture > Food & Beverage Products,Grant,551000.0,IN-SPACe,,,2026-09-21,Telangana
Beyond The Sugar,Food and Agriculture > Food & Beverage Products,Seed,104000.0,Not Disclosed,,,2026-09-21,Maharashtra
CurryIt,Food and Agriculture > Food & Beverage Products,Angel,165000.0,Mohit Yadav,,,2026-09-21,Delhi
Land of Cakes,Food and Agriculture > Food & Beverage Products,Angel,109000.0,Anupam Mittal,,,2026-09-21,"West Bengal, India"
Slurrp Farm,Food and Agriculture > Food & Beverage Products,Series C,3300000.0,Scarlet Ventures,,,2026-09-21,Delhi
Suminter,Food and Agriculture > Food & Beverage Products,Debt,2600000.0,BlackSoil,,,2026-09-21,Maharashtra
Urban Harvest,Food and Agriculture > Food & Beverage Products,Series D,35400000.0,Info Edge Ventures,,,2026-09-21,Delhi
Iscon Balaji Foods,Food and Agriculture > Food Processing,Series A,150000000.0,Advent International,,,2026-09-21,Gujarat
Abcoffee,Food and Agriculture > Food Service Chains,Series A,6390000.0,Hero Enterprise Partner Ventures,,,2026-09-21,Maharashtra
AlienKind,Food and Agriculture > Food Service Chains,Seed,3200000.0,Prakash Sikaria,,,2026-09-21,Karnataka
Benne,Food and Agriculture > Food Service Chains,Seed,3700000.0,Claypond Capital,,,2026-09-21,Maharashtra
Burma Burma,Food and Agriculture > Food Service Chains,Series A,4000000.0,Negen Capital PMS,,,2026-09-21,Maharashtra
Culinary Brands,Food and Agriculture > Food Service Chains,Series B,15000000.0,Playbook Partners,,,2026-09-21,Maharashtra
Acai Theory,Food and Agriculture > Restaurants,Seed,430000.0,All In Capital,,,2026-09-21,Karnataka
Aquapulse,Food and Agriculture Tech > Aquaculture Tech,Series A,2680000.0,NABVENTURES,,,2026-09-21,Odisha
Aquapulse,Food and Agriculture Tech > Aquaculture Tech,Series A,2680000.0,Caspian Debt,,,2026-09-21,Odisha
Farm Watt,Food and Agriculture Tech > Crop Tech,Seed,3370000.0,Indian Angel Network,,,2026-09-21,Delhi
Mitti Labs,Food and Agriculture Tech > Crop Tech,Series A,9500000.0,Aramco Ventures,,,2026-09-21,Karnataka
ONO,Food and Agriculture Tech > Crop Tech,Seed,1200000.0,Aeravti Ventures,,,2026-09-21,Karnataka
Pehle Jaisa,Food and Agriculture Tech > Crop Tech,Seed,1270000.0,Unicorn India Ventures,,,2026-09-21,Haryana
SoilSens,Food and Agriculture Tech > Crop Tech,Angel,26700.0,Vineeta Singh,,,2026-09-21,Maharashtra
Unnati,Food and Agriculture Tech > Crop Tech,Debt,1800000.0,Recur Club,,,2026-09-21,Uttar Pradesh
AMIGO,Food and Agriculture Tech > Food Tech,Seed,473000.0,Foxhog.vc,,,2026-09-21,West Bengal
Digitory,Food and Agriculture Tech > Food Tech,Seed,500000.0,Tejas Paresh Lodaya,,,2026-09-21,Karnataka
InfinityBox,Food and Agriculture Tech > Food Tech,Seed,1530000.0,Rainmatter,,,2026-09-21,"Karnataka, India"
Swish,Food and Agriculture Tech > Food Tech,Series B,38000000.0,Haraglobalcap,,,2026-09-21,Karnataka
TenderCuts,Food and Agriculture Tech > Livestock Tech,Debt,2000000.0,NS Trading,,,2026-09-21,Tamil Nadu
TenderCuts,Food and Agriculture Tech > Livestock Tech,Debt,2000000.0,Investments,,,2026-09-21,Tamil Nadu
Bartisans,Food and Agriculture Tech > Online Grocery,Seed,212000.0,Tilaknagar Industries,,,2026-09-21,Maharashtra
Blue Tokai Coffee Roasters,Food and Agriculture Tech > Online Grocery,Series C,6870000.0,Bhoruka Supply Chain Solutions Holdings,,,2026-09-21,Haryana
Country Delight,Food and Agriculture Tech > Online Grocery,Venture Debt,6750000.0,Alteria Capital,,,2026-09-21,Haryana
Dam Good Fish,Food and Agriculture Tech > Online Grocery,Seed,,Undisclosed,,,2026-09-21,Haryana
Elixiir Foods,Food and Agriculture Tech > Online Grocery,Seed,9000000.0,3one4 Capital,,,2026-09-21,Haryana
Peping,Food and Agriculture Tech > Online Grocery,Seed,271000.0,Indian Angel Network,,,2026-09-21,"Karnataka, India"
ZOFF Foods,Food and Agriculture Tech > Online Grocery,Series A,2000000.0,JM Financial Private Equity,,,2026-09-21,"Chhattisgarh, India"
KILRR,FoodTech,Angel,110000.0,Anupam Mittal,,,2026-09-21,Maharashtra
The Whole Truth Foods,FoodTech,Series D,,Sofina,,,2026-09-21,Maharashtra
Kaapi Machines,Foodservice Equipment,Series A,5240000.0,Sedna Horeca,,,2026-09-21,Karnataka
Privue,GRC Services,Angel,,Undisclosed,,,2026-09-21,Not Disclosed
InteliQuant AI,GRC Software,Seed,,Marwari Catalysts,,,2026-09-21,Rajasthan
Arckon Arts,Gaming,Grant,10000.0,LVL Zero Incubator,,,2026-09-21,Tamil Nadu
Kyrel,Gaming,Grant,10000.0,LVL Zero Incubator,,,2026-09-21,Uttar Pradesh
LightFury Games,Gaming,Angel,,Rohit Gurunath Sharma,,,2026-09-21,"Karnataka, India"
Rudrac,Gaming,Grant,10000.0,LVL Zero Incubator,,,2026-09-21,Telangana
Xigma Games,Gaming,Grant,10000.0,LVL Zero Incubator,,,2026-09-21,Karnataka
YK Game Studio,Gaming,Grant,10000.0,LVL Zero Incubator,,,2026-09-21,Delhi
LightFury Games,Gaming > PC & Console Gaming,Seed,11000000.0,Blume Venture,,,2026-09-21,Karnataka
Liquidnitro Games,Gaming Services,Series A,19100000.0,Nexus Venture Partners,,,2026-09-21,Telangana
Creedom,Generative AI,Angel,432000.0,Raghunandan G,,,2026-09-21,Tamil Nadu
4baseCare,Genomics,Series B,,BIRAC,,,2026-09-21,Karnataka
ContraVault AI,GovTech,Seed,3100000.0,Chiratae Ventures,,,2026-09-21,Karnataka
Hygenco,Green Hydrogen & Energy Storage,Series C,105000000.0,Fullerton Carbon Action Fund,,,2026-09-21,Haryana
JobsUPI,HRTech,Seed,250000.0,IIMA Ventures,,,2026-09-21,"Haryana, India"
Kovon,HRTech,Seed,250000.0,TDV Partners,,,2026-09-21,Karnataka
Xoxoday,HRTech,Series C,,Apis Partners,,,2026-09-21,Karnataka
QubeHealth,HRTech / Healthcare Finance,Series A,,Unicorn India Ventures,,,2026-09-21,Maharashtra
Elevate Now,HealthTech,Seed,1990000.0,Physis Capital,,,2026-09-21,Delhi
HyugaLife,HealthTech,Series A,10600000.0,IvyCap Ventures,,,2026-09-21,Maharashtra
Lissun,HealthTech,Series A,5020000.0,Colossa Ventures,,,2026-09-21,"Haryana, India"
Mosaic Wellness,HealthTech,Series B,21700000.0,360 One,,,2026-09-21,Maharashtra
Neothera,HealthTech,Seed,945000.0,Blume Venture,,,2026-09-21,Karnataka
XCaliber,HealthTech,Seed,6500000.0,ManchesterStory Group,,,2026-09-21,"Massachusetts, USA / Karnataka, India"
Ivory,HealthTech (Disease Self Management),Seed,1000000.0,Draper,,,2026-09-21,Maharashtra
Healync,HealthTech (Healthcare IT),Seed,,Volrado Venture Partners,,,2026-09-21,West Bengal
Mave Health,HealthTech - Disease Management,Seed,2100000.0,Blume Venture,,,2026-09-21,Karnataka
Cult.fit,HealthTech - Fitness & Wellness,Series F,47000000.0,Temasek,,,2026-09-21,Karnataka
Dextroware Devices,HealthTech > Assistive Tech,Grant,,Saksham,,,2026-09-21,Tamil Nadu
Glovatrix,HealthTech > Assistive Tech,Grant,,Saksham,,,2026-09-21,Maharashtra
Crink,HealthTech > Disease Self Management,Seed,199000.0,Kerala Startup Mission,,,2026-09-21,Kerala
Litemed,HealthTech > Disease Self Management,Seed,2210000.0,V3 Ventures,,,2026-09-21,Telangana
Sychedelic AI,HealthTech > Disease Self Management,Seed,3500000.0,Turbostart,,,2026-09-21,Delhi
BeastLife,HealthTech > Fitness & Wellness Tech,Seed,2130000.0,Gujarat Venture Finance,,,2026-09-21,Haryana
Gabit,HealthTech > Fitness & Wellness Tech,Angel,3760000.0,Deepak Gupta,,,2026-09-21,Haryana
The Func. Lab,HealthTech > Fitness & Wellness Tech,Seed,1500000.0,Nisaba Godrej,,,2026-09-21,Maharashtra
CureMeAbroad,HealthTech > Healthcare Booking Platforms,Seed,600000.0,Roman Saini,,,2026-09-21,Maharashtra
Mykare Health,HealthTech > Healthcare Booking Platforms,Series A,1000000.0,Andrew Parker,,,2026-09-21,Kerala
Care.fi,HealthTech > Healthcare IT,Series A,5000000.0,July Ventures,,,2026-09-21,Haryana
Care.fi,HealthTech > Healthcare IT,Debt,3000000.0,Trifecta Capital,,,2026-09-21,Haryana
Carpl,HealthTech > Healthcare IT,Series A,10000000.0,Stellaris,,,2026-09-21,Delhi
Cent,HealthTech > Healthcare IT,Seed,5000000.0,OneFlow Holdings,,,2026-09-21,"Karnataka, India"
Consint,HealthTech > Healthcare IT,Series A,2310000.0,BIG Global Investments JSC,,,2026-09-21,Uttar Pradesh
Gabify,HealthTech > Healthcare IT,Seed,175000.0,Inflection Point Ventures,,,2026-09-21,Uttar Pradesh
Gabify,HealthTech > Healthcare IT,Grant,26800.0,GHRTBIF,,,2026-09-21,Uttar Pradesh
Lifesigns,HealthTech > Healthcare IT,Seed,,HealthQuad,,,2026-09-21,"Tamil Nadu, India"
Lifesigns,HealthTech > Healthcare IT,Seed,,Subramaniam Ganesan,,,2026-09-21,"Tamil Nadu, India"
Peptris,HealthTech > Life Sciences Tech,Series A,7720000.0,Speciale Invest,,,2026-09-21,Karnataka
Butterfly Learnings,Healthcare,Series A,6700000.0,Inflexor,,,2026-09-21,"Maharashtra, India"
Iswarya Hospital,Healthcare,Series C,37000000.0,Orbimed,,,2026-09-21,Tamil Nadu
Kolors Health Care,Healthcare,Institutional,22500000.0,Undisclosed,,,2026-09-21,Telangana
Preventify,Healthcare,Seed,221000.0,PedalStart,,,2026-09-21,Kerala
V6 Clinics,Healthcare,Seed,2000000.0,Undisclosed,,,2026-09-21,Haryana
Apothecon Pharmaceuticals,Healthcare (Traditional Pharmaceuticals),PE,270000000.0,Everstone Capital,,,2026-09-21,Gujarat
KorinMi,Healthcare > Clinic Chains,Seed,1050000.0,Lotus Herbals,,,2026-09-21,Haryana
OnCare,Healthcare > Clinic Chains,Series A,2970000.0,Sky Impact Capital,,,2026-09-21,Haryana
Gut Clinic & Endoscopy Centre,Healthcare > Clinics,Seed,1000000.0,Amitoj Singh,,,2026-09-21,Delhi
Maity,Healthcare > Home Healthcare,Angel,,Favcy Venture Builders,,,2026-09-21,West Bengal
Pulse,Healthcare > Medical Device Outsourcing,Seed,4000000.0,3one4 Capital,,,2026-09-21,Karnataka
Rivarp Medical,Healthcare > Medical Devices,Seed,,Futura Surgicare,,,2026-09-21,Karnataka
Sahayatha,Healthcare > Medical Devices,Grant,,Saksham,,,2026-09-21,Tamil Nadu
Pragyan Child Development Centre,Healthcare > Rehabilitation and Long-Term Care,Angel,53400.0,Mohit Yadav,,,2026-09-21,Karnataka
Pragyan Child Development Centre,Healthcare > Rehabilitation and Long-Term Care,Angel,110000.0,Namita Thapar,,,2026-09-21,Karnataka
Elmed Probiotics,Healthcare > Traditional Nutraceuticals,Seed,2700000.0,NABVENTURES,,,2026-09-21,Telangana
Heatronics,Healthcare Booking Platforms,Seed,189000.0,Inflection Point Ventures,,,2026-09-21,Uttar Pradesh
Lissun,Healthcare Booking Platforms,Seed,293000.0,Rainmatter,,,2026-09-21,Haryana
MeduLance,Healthcare Booking Platforms,Institutional,2540000.0,Auxano,,,2026-09-21,Delhi
Pinky Promise,Healthcare Booking Platforms,Seed,1000000.0,Rebalance,,,2026-09-21,Maharashtra
Plazza,Healthcare Booking Platforms,Series A,15000000.0,Accel,,,2026-09-21,Karnataka
OSSO,Healthcare Clinics,Seed,443000.0,Haldirams Family Office,,,2026-09-21,Haryana
Science4Beauty,Healthcare Projects,Institutional,1850000.0,4growth VC,,,2026-09-21,Karnataka
Airbound,High Tech,Series A,37000000.0,Greenoaks,,,2026-09-21,"Karnataka, India"
AlgoFET,High Tech,Seed,1570000.0,Piper Serica,,,2026-09-21,"Karnataka, India"
Mowito,High Tech,Seed,3000000.0,Version One Ventures,,,2026-09-21,"Karnataka, Michigan"
PinSec,High Tech,Seed,525000.0,Undisclosed,,,2026-09-21,"Tamil Nadu, India"
Quarkitech.com,High Tech,Seed,210000.0,Artha India Ventures,,,2026-09-21,Tamil Nadu
Aliste,High Tech (Smart Homes),Seed,3210000.0,BIG Global Investments JSC,,,2026-09-21,Uttar Pradesh
Kyvex,High Tech - AI Infrastructure,Angel,,Vaibhav Arora,,,2026-09-21,Telangana
Ctruh,High Tech - AR/Metaverse,Angel,109000.0,Anupam Mittal,,,2026-09-21,Karnataka
AGNIT Semiconductors,High Tech - Advanced Materials,Seed,2600000.0,Shastra,,,2026-09-21,Karnataka
IG Defence,High Tech - Drones,Seed,5000000.0,India Accelerator,,,2026-09-21,Uttar Pradesh
Mayson,High Tech - Generative AI,Seed,,Undisclosed,,,2026-09-21,Uttar Pradesh
Workroom,High Tech - IoT Applications,Seed,661000.0,Equirus Wealth,,,2026-09-21,-
Persistence,High Tech - Speech & Voice Recognition,Seed,2000000.0,AI Futures Fund,,,2026-09-21,Maharashtra
Constems-AI,High Tech - Surveillance,Seed,2000000.0,Finvolve,,,2026-09-21,Uttar Pradesh
Cluster Protocol,High Tech > AI Infrastructure,Series A,5000000.0,dao5,,,2026-09-21,Delhi
Nava,High Tech > AI Infrastructure,Series A,22000000.0,Greenoaks,,,2026-09-21,Karnataka
OptoMl,High Tech > AI Infrastructure,Seed,1800000.0,Bluehill VC,,,2026-09-21,"Singapore, Karnataka"
Portkey,High Tech > AI Infrastructure,Series A,15000000.0,Elevation Capital,,,2026-09-21,California
Quantum Tiger,High Tech > AI Infrastructure,Seed,,Undisclosed,,,2026-09-21,West Bengal
Ukhi,High Tech > Advanced Materials,Seed,1160000.0,Venture Catalysts,,,2026-09-21,Haryana
Heizen,High Tech > Agentic AI,Angel,99000.0,Amit Jain,,,2026-09-21,Telangana
Myelin Foundry,High Tech > Agentic AI,Series B,5270000.0,ASM Technologies,,,2026-09-21,Karnataka
Ctruh,High Tech > Augmented Reality,Seed,2500000.0,Inflection Point Ventures,,,2026-09-21,Karnataka
Companion Labs,High Tech > Chatbots,Seed,,Peak XV Partners,,,2026-09-21,Maharashtra
Nurix,High Tech > Chatbots,Series A,,Prosus,,,2026-09-21,"California, USA / Karnataka, India"
Super Living,High Tech > Chatbots,Series A,7000000.0,Lightspeed Venture Partners,,,2026-09-21,Karnataka
Apollyon Dynamics,High Tech > Drones,Seed,421000.0,Naandi Ventures,,,2026-09-21,"Telangana, India"
Apollyon Dynamics,High Tech > Drones,Seed,421000.0,DST,,,2026-09-21,"Telangana, India"
Angoor AI,High Tech > Generative AI,Seed,215000.0,Uday Sodhi,,,2026-09-21,Karnataka
Gnani.ai,High Tech > Generative AI,Series B,7180000.0,Aavishkaar Capital,,,2026-09-21,Karnataka
H2LooP.ai,High Tech > Generative AI,Seed,2000000.0,Speciale Invest,,,2026-09-21,Karnataka
Ubiqedge,High Tech > IoT Infrastructure,Seed,1050000.0,Piper Serica,,,2026-09-21,Maharashtra
Articulus Surgical,High Tech > Professional Service Robots,Seed,,Kalaari Capital,,,2026-09-21,Karnataka
Alphadroid,High Tech > Robotics,Seed,3800000.0,Alkemi Growth Capital,,,2026-09-21,"Uttar Pradesh, India"
Aurm,High Tech > Security & Surveillance,Series A,4420000.0,Earthfund,,,2026-09-21,Karnataka
CoreShield,High Tech > Security & Surveillance Technology,Seed,,ThinKuvate,,,2026-09-21,Delhi
SatLeo Labs,High Tech > Security & Surveillance Technology,Seed,2200000.0,Unicorn India Ventures,,,2026-09-21,Gujarat
SatLeo Labs,High Tech > Security & Surveillance Technology,Seed,2200000.0,PointOne Capital,,,2026-09-21,Gujarat
Statiq,High Tech > Smart Cities,Debt,,Undisclosed,,,2026-09-21,Haryana
Statiq,High Tech > Smart Cities,Series A,18000000.0,Tenacity Ventures,,,2026-09-21,Haryana
IKIN Global,High Tech > Smart Homes,Seed,2000000.0,Unicorn India Ventures,,,2026-09-21,Kerala
Sarvam,High Tech > Speech and Voice Recognition,Series B,75000000.0,Activate,,,2026-09-21,Karnataka
Temple,High Tech > Wearable Technology,Seed,54000000.0,Steadview,,,2026-09-21,Delhi
Entellus,High Tech – Advanced Materials,Series A,5500000.0,ZeroW,,,2026-09-21,Tamil Nadu
OneARVO Ventures,High Tech – Computer Vision,Seed,134000.0,Inflection Point Ventures,,,2026-09-21,Uttar Pradesh
Emversity,Higher Education Tech,Series A,30000000.0,Premji Invest,,,2026-09-21,Karnataka
ForeignAdmits,Higher Education Tech,Seed,132000.0,Crizac,,,2026-09-21,Karnataka
SpeakX,Higher Education Tech,Angel,,Mahendra Singh Dhoni,,,2026-09-21,Haryana
Awenest,Home Care E-commerce,Angel,75800.0,Viraj Bahl,,,2026-09-21,Maharashtra
Caredale,Home Furnishing Products,Seed,165000.0,ajvc,,,2026-09-21,-
Material Depot,Home Improvement,Series A,10000000.0,Accel,,,2026-09-21,Karnataka
ProjectStudio,Home Improvement Tech,Seed,,Modulor Capital,,,2026-09-21,Haryana
Surya Hospitals,Hospital Chains,PE,,Novo Holdings,,,2026-09-21,Maharashtra
Reagvis,Image Recognition,Institutional,26500.0,Runway Incubator,,,2026-09-21,Maharashtra
Zumutor,Immunotherapy,Series B,7300000.0,Accel,,,2026-09-21,Karnataka
Gati Drives,Industrial Automation Equipment,Seed,,Campus Fund,,,2026-09-21,Gujarat
Naturis Cosmetics,Industrial Goods & Manufacturing,Series A,3530000.0,Sharrp Ventures,,,2026-09-21,Jammu and Kashmir
Yantra Packs,Industrial Goods and Manufacturing,Seed,1250000.0,Caret Capital,,,2026-09-21,"Haryana, India"
stch,Industrial Goods and Manufacturing > Contract Manufacturers,Seed,5500000.0,Omnivore,,,2026-09-21,Karnataka
SFO Technologies,Industrial Goods and Manufacturing > Manufacturing Services,PE,82000000.0,Trident Growth Partners,,,2026-09-21,Kerala
VEM Technologies,Industrial Goods and Manufacturing > Manufacturing Services,PE,19200000.0,InCred Capital,,,2026-09-21,Telangana
Agropak,Industrial Goods and Manufacturing > Packaging Tech,Grant (prize money),32600.0,Pilani Innovation Entrepreneurship Development,,,2026-09-21,Karnataka
JJG Machining Group,Industrial Manufacturing,Series B,30000000.0,Norwest,,,2026-09-21,Karnataka
Bidso,Industrial Manufacturing - Contract Manufacturers,Venture Debt,1280000.0,Alteria Capital,,,2026-09-21,Karnataka
Bidso,Industrial Manufacturing - Contract Manufacturers,Series A,5440000.0,Blume Venture,,,2026-09-21,Karnataka
Integra Robotics,Industrial Robotics,Seed,1120000.0,Finvolve,,,2026-09-21,Karnataka
Veera,Internet Browsers,Seed,4000000.0,Titan,,,2026-09-21,Haryana
Super Living,Internet First Media,Seed,2000000.0,Kae Capital,,,2026-09-21,Maharashtra
GrowthPal,Investment Banks,Series A,2600000.0,Ideaspring Capital,,,2026-09-21,Maharashtra
KickSky,Investment Industry > Venture Capital Funds,Seed,,Idea Baaz,,,2026-09-21,Karnataka
72 Street AI,Investment Tech,Angel,420000.0,Undisclosed,,,2026-09-21,Maharashtra
AssetPlus,Investment Tech,Series B,19300000.0,Nexus Venture Partners,,,2026-09-21,Tamil Nadu
HyperNorm AI,Investment Tech,Seed,2200000.0,Capital 2B,,,2026-09-21,Karnataka
Neo Group,Investment Tech,Series C,36300000.0,Peak XV Partners,,,2026-09-21,Maharashtra
VERIQUS,Investment Tech,Series C,40100000.0,Norwest,,,2026-09-21,-
Wint Wealth,Investment Tech,Series B,28000000.0,Vertex Ventures,,,2026-09-21,Karnataka
prolearn,K-12 EdTech,Seed,3150000.0,Beenext,,,2026-09-21,Karnataka
Jurisphere,Legal Tech,Seed,2200000.0,Info Edge Ventures,,,2026-09-21,"Uttar Pradesh, India"
Ayati Devices,Life Sciences,Seed,1570000.0,Inflexor,,,2026-09-21,Karnataka
Cellogen Therapeutics,Life Sciences,Series A,2000000.0,Kotak Alternate Asset Managers,,,2026-09-21,Delhi
EnLife,Life Sciences,Seed,630000.0,Piper Serica,,,2026-09-21,-
FibroHeal,Life Sciences,Angel,1470000.0,Naresh Bhat,,,2026-09-21,Karnataka
Nowound,Life Sciences,Seed,1910000.0,Alkemi Growth Capital,,,2026-09-21,"Haryana, India"
Nowound,Life Sciences,Seed,1910000.0,4point0,,,2026-09-21,"Haryana, India"
Rymo Technologies,Life Sciences - Orthopedics,Seed,1080000.0,Indian Angel Network,,,2026-09-21,Maharashtra
StrainX Biotech,Life Sciences > Genomics,Series B,13000000.0,Prime Venture Partners,,,2026-09-21,Karnataka
Bioscan Research,Life Sciences > Neurology,Seed,1000000.0,Unicorn India Ventures,,,2026-09-21,Gujarat
RehabVeda,Life Sciences > Neurology,Angel,110000.0,Mohit Yadav,,,2026-09-21,Gujarat
Fullife,Life Sciences > Nutraceuticals Tech,Series D,32000000.0,Elev8,,,2026-09-21,Maharashtra
Zeroharm,Life Sciences > Nutraceuticals Tech,Series A,4410000.0,Kotak Life Sciences Fund I,,,2026-09-21,Telangana
BioDimension,Life Sciences Platforms & Tools,Seed,839000.0,Indian Angel Network,,,2026-09-21,Karnataka
The Stack,Life Sciences – Nutraceuticals,Seed,600000.0,OTP Ventures,,,2026-09-21,Karnataka
4baseCare,Life Sciences – Oncology,Series B,9820000.0,Yali Capital,,,2026-09-21,"Karnataka, Dubai"
Verdant Impact,Livestock Tech,Seed,3000000.0,Unicorn India Ventures,,,2026-09-21,Rajasthan
Dazzl,Local Services,Seed,3200000.0,Stellaris Venture Partners,,,2026-09-21,Karnataka
Instafix,Local Services,Seed,789000.0,Titan Capital,,,2026-09-21,Haryana
Edgistify,Logistics Tech,Seed,1400000.0,NB Ventures,,,2026-09-21,Maharashtra
Hexalog,Logistics Tech,Seed,4000000.0,Enrission India Capital,,,2026-09-21,Delhi
Mojro,Logistics Tech,Series A,2500000.0,Dallas Venture Capital,,,2026-09-21,Karnataka
RidEV,Logistics Tech,Debt,551000.0,Kunal Bahl,,,2026-09-21,Telangana
RidEV,Logistics Tech,Angel,110000.0,Kunal Bahl,,,2026-09-21,Telangana
Skye Air,Logistics Tech,Series B,4000000.0,Indian Angel Network,,,2026-09-21,Haryana
TOCAL,Logistics Tech,Seed,1040000.0,Navyug Global,,,2026-09-21,Karnataka
JS Auto Cast Foundry,Manufacturing,PE,32799999.999999996,Premji Invest,,,2026-09-21,Tamil Nadu
Jaincord,Manufacturing,Series A,22100000.0,Indroma Ventures,,,2026-09-21,—
Tevanovatechtrade,Manufacturing / Printing Technology,Grant (Prize Money),12500.0,Kerala Startup Mission,,,2026-09-21,Kerala
SwitchOn,Manufacturing Tech,Series A,8000000.0,IvyCap Ventures,,,2026-09-21,Karnataka
EyeROV,Maritime Tech,Seed,1440000.0,AWE Funds,,,2026-09-21,Kerala
Vikra Ocean Tech,Maritime Tech,Seed,1000000.0,Finvolve,,,2026-09-21,Tamil Nadu
Influish,MarketingTech,Seed,,Pankaj Vermani,,,2026-09-21,Rajasthan
Mindcase,MarketingTech,Seed,164000.0,ajvc,,,2026-09-21,Gujarat
Mythik,Media & Entertainment > Film & TV Studios,Seed,5000000.0,Blume Founders Fund,,,2026-09-21,"Dubai, Maharashtra"
Rusk Media,Media & Entertainment > Film & TV Studios,Series B,,Yash Raj Films,,,2026-09-21,Maharashtra
Sportvot,Media & Entertainment > OTT,Series A,3460000.0,Indian Angel Network,,,2026-09-21,Maharashtra
EndureAir,Military Tech,Series A,,Sagar Defence Engineering,,,2026-09-21,Uttar Pradesh
Spill Games,Mobile > Mobile Gaming,Seed,3100000.0,PeerCapital,,,2026-09-21,Karnataka
Namma Yatri,Mobility Tech,Seed,4400000.0,Blume Ventures,,,2026-09-21,Karnataka
Rosada,Mom & Baby Care Retail,Angel,,Shilpa Shetty Kundra,,,2026-09-21,West Bengal
Madverse,Music Tech,Seed,,Ahdritz,,,2026-09-21,Haryana
Edysor,Native AI,Angel,126000.0,Jasmine Sarupria,,,2026-09-21,Rajasthan
Ai-Horizon,Native AI > Artificial Intelligence,Seed,,Source1 Technologies,,,2026-09-21,Maharashtra
CraftifAI,Native AI > Artificial Intelligence,Seed,3000000.0,Ankur Capital,,,2026-09-21,Karnataka
Fire AI,Natural Language Processing,Seed,682000.0,SucSEED Indovation,,,2026-09-21,Maharashtra
xStep,Neurology,Institutional,,Titan Capital,,,2026-09-21,Karnataka
xStep,Neurology,Angel,111000.0,Kunal Bahl,,,2026-09-21,Karnataka
Sahamati,Nonprofits > Foundations,Series A,5290000.0,State Bank of India,,,2026-09-21,Karnataka
Phab,Nutraceuticals,Seed,4000000.0,OTP Ventures,,,2026-09-21,Maharashtra
Supply6,Nutraceuticals Tech,Series A,5000000.0,Unilever Ventures,,,2026-09-21,Karnataka
MiniPIX,OTT / Media,Seed,267000.0,PedalStart,,,2026-09-21,Karnataka
Immuneel,Oncology / Cell Therapy,Series B,10500000.0,Singularity AMC,,,2026-09-21,Karnataka
BazaarNow,Online Grocery,Seed,7800000.0,Peak XV Partners,,,2026-09-21,Karnataka
Firstclub,Online Grocery,Series B,55000000.0,Peak XV Partners,,,2026-09-21,Karnataka
MYPB,Online Grocery,Angel,77600.0,Varun Alagh,,,2026-09-21,Gujarat
Open Secret,Online Grocery,Debt,2080000.0,Desai Brothers,,,2026-09-21,Maharashtra
Open Secret,Online Grocery,Series C,3120000.0,Desai Brothers,,,2026-09-21,Maharashtra
Troovy,Online Grocery,Series A,5000000.0,Fireside Ventures,,,2026-09-21,Haryana
FreshToHome,Online Meat & Seafood,Debt,8500000.0,Trifecta Capital,,,2026-09-21,Karnataka
Cradlewise,Online Mom & Baby Care,Institutional,12000000.0,3one4 Capital,,,2026-09-21,California
Promom,Online Mom & Baby Care,Series A,3100000.0,Fireside Ventures,,,2026-09-21,Uttar Pradesh
TravClan,Online Travel,Seed,,August One,,,2026-09-21,Delhi
WanderOn,Online Travel,Series A,5940000.0,DSG Consumer Partners,,,2026-09-21,Haryana
Zerocircle,Packaging Tech,Seed,546000.0,3one4 Capital,,,2026-09-21,Maharashtra
CRED,Payments,Series H,900000000.0,Meta,,,2026-09-21,Karnataka
Juspay,Payments,Series D,,WestBridge Capital,,,2026-09-21,Karnataka
Dr Doodley,Pet Tech,Seed,2210000.0,V3 Ventures,,,2026-09-21,Karnataka
Dr Doodley,Pet Tech,Debt,1110000.0,V3 Ventures,,,2026-09-21,Karnataka
Happy Pet,Pet Tech,Seed,52100.0,Kateel Software,,,2026-09-21,Karnataka
Lickicious,Pet Tech,Institutional,,Prath Ventures,,,2026-09-21,Maharashtra
Nootie,Pet Tech,Angel,111000.0,Namita Thapar,,,2026-09-21,Delhi
DocPharma,Pharmacy IT,Institutional,2000000.0,Equentis Wealth Advisory Services,,,2026-09-21,Karnataka
Natturz,Plant-based Dairy,Seed,1000000.0,35North Ventures,,,2026-09-21,Delhi
Age Care Labs,Professional Consumer Services,Series B,9000000.0,Rainmatter,,,2026-09-21,Haryana
Glam,Professional Consumer Services,Debt,1200000.0,Undisclosed,,,2026-09-21,Not Disclosed
Quick Clean,Professional Consumer Services,Series B,14000000.0,Stakeboat Capital,,,2026-09-21,Haryana
Rekise Marine,Professional Service Robots,Seed,9700000.0,Accel,,,2026-09-21,Karnataka
Mygate,Property Management Tech,Series B,,Dharana,,,2026-09-21,Karnataka
AGI Infra,Real Estate,Post-IPO,8119999.999999999,Craft Emerging Market Fund,,,2026-09-21,Punjab
Hero Realty,Real Estate & Construction,Debt,127000000.0,IndusInd Bank,,,2026-09-21,"Delhi, India"
Stylework,Real Estate & Construction Tech,Series A,1000000.0,Auxano,,,2026-09-21,Haryana
HomeRun,Real Estate & Construction Tech > Construction Tech,Series A,6600000.0,Sorin,,,2026-09-21,Karnataka
Kelvin6k,Real Estate & Construction Tech > Construction Tech,Angel,110000.0,Ritesh Agarwal,,,2026-09-21,Tamil Nadu
Weaver,Real Estate - Affordable Housing,Unattributed,156000000.0,Premji Invest,,,2026-09-21,Maharashtra
PropertyPistol Realty,Real Estate IT,Series A,2730000.0,Ashish Kacholia,,,2026-09-21,Maharashtra
Flent,Real Estate Tech,Debt,444000.0,Incubate Fund India,,,2026-09-21,Karnataka
Flent,Real Estate Tech,Seed,1890000.0,Incubate Fund India,,,2026-09-21,Karnataka
Propsoch,Real Estate Tech,Seed,2000000.0,Athera,,,2026-09-21,Karnataka
AllHome,Real Estate and Construction > Building Materials,Series B,21200000.0,Stride Ventures,,,2026-09-21,Maharashtra
Mahagun Group,Real Estate and Construction > Real Estate & Infrastructure Developers,Debt,24000000.0,CSL Finance,,,2026-09-21,Uttar Pradesh
CarbonStrong,Real Estate and Construction Tech,Institutional,1310000.0,Indian Angel Network,,,2026-09-21,Karnataka
Incuspaze,Real Estate and Construction Tech > Commercial Real Estate Tech,Series A,15900000.0,Bharat Value Fund,,,2026-09-21,Haryana
Mtandt,Real Estate and Construction Tech > Construction Tech,Series A,10600000.0,ValueQuest,,,2026-09-21,Tamil Nadu
Proxgy,Real Estate and Construction Tech > Construction Tech,Angel,213000.0,Culture Cap,,,2026-09-21,Haryana
Spintly,Real Estate and Construction Tech > Facility Management Tech,Series A,8000000.0,Accel,,,2026-09-21,"California, Goa"
Equal,RegTech,Series B,30000000.0,Prosus,,,2026-09-21,Telangana
Sukino,Rehabilitation & Long-Term Care,Series B,31000000.0,Bessemer Venture Partners,,,2026-09-21,Karnataka
Japam,Religion Tech,Angel,166000.0,Namita Thapar,,,2026-09-21,Punjab
Aerem,Renewable Energy Tech,Series A,15000000.0,SMBC Asia Rising Fund,,,2026-09-21,Maharashtra
GreenTech,Renewable Energy Tech,Seed,3330000.0,Transition VC,,,2026-09-21,Tamil Nadu
GreenTech,Renewable Energy Tech,Debt,,Transition VC,,,2026-09-21,Tamil Nadu
Inox Clean Energy,Renewable Energy Tech,Series D,73600000.0,Poonawalla Family Office,,,2026-09-21,Uttar Pradesh
Truva,Residential Real Estate Tech,Venture Debt,1700000.0,Stride Ventures,,,2026-09-21,Maharashtra
Avni Wellness,Retail,Seed,420000.0,Puru Gupta,,,2026-09-21,Maharashtra
Be Clinical,Retail,Seed,2200000.0,Sauce,,,2026-09-21,"Delhi, India"
Digidukan.shop,Retail,Angel,209000.0,Vinay Gupta,,,2026-09-21,"Rajasthan, India"
Gubbachhi,Retail,Seed,158000.0,D2C Insider,,,2026-09-21,"Karnataka, India"
KARM BABA,Retail,Seed,105000.0,Undisclosed,,,2026-09-21,"Haryana, India"
Legend of Toys,Retail,Seed,2190000.0,Singularity AMC,,,2026-09-21,Karnataka
On-Points,Retail,Seed,600000.0,First Cheque,,,2026-09-21,Delhi
Sumosave,Retail,Series A,5230000.0,12 Flags Group,,,2026-09-21,West Bengal
Sumosave,Retail,Debt,,Stride Ventures,,,2026-09-21,West Bengal
The EleFant,Retail,Seed,1000000.0,Growth Sense,,,2026-09-21,Maharashtra
Wheelocity,Retail,Series A,8500000.0,Anicut Capital,,,2026-09-21,Karnataka
World of Asaya,Retail,Series A,9200000.0,RPSG Capital Ventures,,,2026-09-21,"Karnataka, India"
Laani,Retail - Beauty Tech,Seed,984000.0,V3 Ventures,,,2026-09-21,Gujarat
Mannlich,Retail - Beauty Tech,Seed,294000.0,BeyondSeed,,,2026-09-21,Uttarakhand
Pinq,Retail - Beauty Tech,Seed,431000.0,Inflection Point Ventures,,,2026-09-21,Delhi
Confluxe,Retail - Brands Tech,Seed,1600000.0,Wavemaker Partners,,,2026-09-21,Karnataka
Assiduus,Retail - Cross Border Commerce,Series A,25000000.0,Bajaj Finserv,,,2026-09-21,Karnataka
Magical Nest,Retail - Mom & Baby Care,Seed,439000.0,Stargazer Fund,,,2026-09-21,Karnataka
Moe Puppy,Retail - Pet Tech,Seed,217000.0,PedalStart,,,2026-09-21,Haryana
Zoomies,Retail - Pet Tech,Seed,541000.0,D2C Insider,,,2026-09-21,Maharashtra
Fairdeal Market,Retail > B2B E-Commerce,Series A,15000000.0,Bertelsmann India Investments,,,2026-09-21,Haryana
Swageazy,Retail > B2B E-Commerce,Seed,584000.0,Info Edge Ventures,,,2026-09-21,Haryana
Bubble Me,Retail > Beauty Tech,Seed,164000.0,ajvc,,,2026-09-21,"Haryana, India"
Clayco,Retail > Beauty Tech,Series A,3300000.0,Twenty Nine Capital Partners,,,2026-09-21,Maharashtra
LUZO,Retail > Beauty Tech,Angel,109000.0,100X.VC,,,2026-09-21,"Maharashtra, India"
MediKno,Retail > Beauty Tech,Seed,,build3,,,2026-09-21,Maharashtra
Nailinit,Retail > Beauty Tech,Seed,330000.0,Gruhas Collective Consumer Fund,,,2026-09-21,Maharashtra
RAS Luxury Oils,Retail > Beauty Tech,Series B,7500000.0,Dabur,,,2026-09-21,Chhattisgarh
Yes Madam,Retail > Beauty Tech,Series A,5200000.0,Info Edge,,,2026-09-21,Uttar Pradesh
ShowroomB2B,Retail > Brands Tech,Debt,,Alteria Capital,,,2026-09-21,Uttar Pradesh
Edify.Club,Retail > Consumer Electronics E-Commerce,Angel,,Ravi Bishnoi,,,2026-09-21,Karnataka
Grest,Retail > Consumer Electronics E-Commerce,Seed,,ICMG Group,,,2026-09-21,Haryana
Kreo,Retail > Consumer Electronics E-Commerce,Angel,110000.0,Ritesh Agarwal,,,2026-09-21,Karnataka
Kreo,Retail > Consumer Electronics E-Commerce,Debt,110000.0,Ritesh Agarwal,,,2026-09-21,Karnataka
GoSats,Retail > Coupons and Deals,Series A,5000000.0,Konvoy Ventures,,,2026-09-21,Karnataka
GoSats,Retail > Coupons and Deals,Series A,5000000.0,Y Combinator,,,2026-09-21,Karnataka
Inamo,Retail > E-Commerce Enablers,Series A,6000000.0,Prime Venture Partners,,,2026-09-21,Maharashtra
Inamo,Retail > E-Commerce Enablers,Venture Debt,2000000.0,Prime Venture Partners,,,2026-09-21,Maharashtra
Basil,Retail > Home Improvements,Seed,2000000.0,Prime Venture Partners,,,2026-09-21,Karnataka
Home Essentials,Retail > Home Improvements,Series A,7700000.0,360 One,,,2026-09-21,Madhya Pradesh
MeMeraki,Retail > Home Improvements,Angel,110000.0,Varun Alagh,,,2026-09-21,Haryana
Nester,Retail > Home Improvements,Seed,2100000.0,Fireside Ventures,,,2026-09-21,Haryana
Epik,Retail > Horizontal E-Commerce,Seed,1000000.0,Info Edge Ventures,,,2026-09-21,Karnataka
Vingo,Retail > Horizontal E-Commerce,Seed,1200000.0,India Quotient,,,2026-09-21,Karnataka
Innoviti,Retail > In Store Retail Tech,Unattributed,11400000.0,Bessemer Venture Partners,,,2026-09-21,Karnataka
Filliandme,Retail > Mom & Baby Care,Seed,161000.0,D2C Insider,,,2026-09-21,Haryana
Filliandme,Retail > Mom & Baby Care,Debt,,D2C Insider,,,2026-09-21,Haryana
Kidbea,Retail > Mom & Baby Care,Series A,3200000.0,Enrission India Capital,,,2026-09-21,Uttar Pradesh
Panda's Box,Retail > Mom & Baby Care,Angel,132000.0,Aman Gupta,,,2026-09-21,Delhi
RN Kids,Retail > Mom & Baby Care,Seed,760000.0,Ashish Kacholia,,,2026-09-21,Maharashtra
Rosada,Retail > Mom & Baby Care,Angel,45900.0,Namita Thapar,,,2026-09-21,West Bengal
Rosada,Retail > Mom & Baby Care,Angel,138000.0,Ritesh Agarwal,,,2026-09-21,West Bengal
Vaaree,Retail > Online Home Improvements,Series A,6820000.0,Cap Alpha Ventures,,,2026-09-21,Karnataka
Benny's Bowl,Retail > Pet Tech,Seed,1400000.0,Atomic Capital,,,2026-09-21,Delhi
Supertails,Retail > Pet Tech,Series C,30000000.0,Venturi Partners,,,2026-09-21,Karnataka
Style Baazar,Retail > Retail Chains,Series B,8940000.0,Cupid,,,2026-09-21,West Bengal
Style Baazar,Retail > Retail Chains,Series B,8940000.0,Chandurkar Investments,,,2026-09-21,West Bengal
Artociti,Retail > Retailers,Angel,53300.0,Namita Thapar,,,2026-09-21,-
Artociti,Retail > Retailers,Angel,110000.0,Vineeta Singh,,,2026-09-21,-
Metafy,Retail > Retailers,Seed,400000.0,Big Bets,,,2026-09-21,-
Rozana,Retail > Rural Ecommerce,Series B,26600000.0,Bertelsmann India Investments,,,2026-09-21,"Delhi, India"
Rozana,Retail > Rural Ecommerce,Debt,5000000.0,Bertelsmann India Investments,,,2026-09-21,"Delhi, India"
Wishlink,Retail > Social Commerce,Series B,17500000.0,Vertex Ventures,,,2026-09-21,Haryana
Zoop,Retail > Video Commerce,Seed,,Peak XV Partners,,,2026-09-21,Haryana
Apnamart,Retail Chains,Series C,12700000.0,Accel,,,2026-09-21,Karnataka
Uni Seoul,Retail Chains,Series A,3600000.0,Sauce,,,2026-09-21,Maharashtra
Estro Tech Robotics,Retail Tech / In-Store Marketing,Seed,104000.0,Genrobotics,,,2026-09-21,Kerala
Avni Wellness,Retail – Beauty Tech,Angel,84500.0,Arokiaswamy Velumani,,,2026-09-21,Maharashtra
Shesha Ayurveda,Retail – Beauty Tech,Angel,218000.0,Aman Gupta,,,2026-09-21,—
MeMeraki,Retail – Home Improvements,Seed,,Next Bharat Ventures,,,2026-09-21,Haryana
Carrum,Road Transport Tech,Series A,,Uber,,,2026-09-21,Haryana
Transvolt,Road Transport Tech,Series B,15000000.0,Finnfund,,,2026-09-21,Maharashtra
Octobotics Tech,Robotics,Seed,1110000.0,Navam Capital,,,2026-09-21,Uttar Pradesh
Revspot,Sales Force Automation,Series A,4800000.0,Inflexor,,,2026-09-21,Karnataka
Raana semiconductors,Semiconductor Manufacturing Equipment,Seed,3000000.0,Artha Venture Fund,,,2026-09-21,Tamil Nadu
BigEndian,Semiconductors,Seed,6000000.0,Indian Angel Network,,,2026-09-21,"Karnataka, India"
BigEndian,Semiconductors,Seed,6000000.0,Vertex Ventures,,,2026-09-21,"Karnataka, India"
HrdWyr,Semiconductors,Series A,13000000.0,Ideaspring Capital,,,2026-09-21,Karnataka
Zettaone,Semiconductors,Series B,19800000.0,Jubilant Ingrevia,,,2026-09-21,"Karnataka, India"
DeepLase Technologies,Semiconductors - Photonics,Seed,647000.0,MGF Kavachh,,,2026-09-21,Delhi
C2I Semiconductors,Semiconductors > Analog and Mixed Signal ICs,Series A,16700000.0,TDK Ventures,,,2026-09-21,Karnataka
C2I Semiconductors,Semiconductors > Analog and Mixed Signal ICs,Series A,15000000.0,Peak XV Partners,,,2026-09-21,Karnataka
Hi-Q Electronics,Semiconductors > Printed Circuit Boards,PE,19100000.0,ValueQuest,,,2026-09-21,"Karnataka, India"
Yaanendriya,Sensors,Seed,1560000.0,Piper Serica,,,2026-09-21,Karnataka
Dovetail Capital,Services for Investment Industry,Series A,,Elev8,,,2026-09-21,Maharashtra
Crest Capital,Single Family Offices,Seed,3100000.0,Beenext,,,2026-09-21,Maharashtra
SkinInspired,Skincare,Series A,2900000.0,Spring,,,2026-09-21,Rajasthan
DrinkPrime,Smart Home Tech,Series B,2170000.0,Artha Venture Fund,,,2026-09-21,Karnataka
Culture,Social Platforms,Seed,220000.0,Acuvest Infra,,,2026-09-21,Telangana
Kalki,Social Platforms,Seed,1980000.0,Crane Venture Partners,,,2026-09-21,Haryana
Mozark,Software Testing,Series B,40000000.0,IFC,,,2026-09-21,Maharashtra
Oriana Power,Solar Energy,Post-IPO,4750000.0,Dalmia Cement Bharat,,,2026-09-21,Delhi
Radiance Renewables,Solar Energy,Series C,100000000.0,Impact Fund Denmark,,,2026-09-21,Maharashtra
SolarSquare,Solar Energy,Series C,53000000.0,B Capital,,,2026-09-21,Maharashtra
Karo Sambhav,Solid Waste Management Tech,Seed,6000000.0,Rainmatter,,,2026-09-21,Haryana
PolyCycl,Solid Waste Management Tech,Series A,2860000.0,Rainmatter,,,2026-09-21,Haryana
Recykal,Solid Waste Management Tech,Series D,17600000.0,Strat Ventures,,,2026-09-21,Telangana
AADYAH,Space Tech,Series A,3300000.0,Suraj Nalin,,,2026-09-21,Karnataka
AgniKul,Space Tech,Series C,2700000.0,TIDCO,,,2026-09-21,Tamil Nadu
Aule Space,Space Tech,Seed,2000000.0,pi Ventures,,,2026-09-21,Karnataka
Dhruva Space,Space Tech,Grant,11000000.0,Anrf,,,2026-09-21,Telangana
Dream Aerospace,Space Tech,Seed,1040000.0,247VC,,,2026-09-21,Tamil Nadu
GalaxEye,Space Tech,Series A,4800000.0,Speciale Invest,,,2026-09-21,Karnataka
Pixxel,Space Tech,Institutional,100000000.0,Seraphim,,,2026-09-21,Karnataka
Sanyark,Space Tech,Seed,,AUM Ventures,,,2026-09-21,Telangana
Satlabs Space Systems,Space Tech,Seed,1000000.0,Finvolve,,,2026-09-21,—
Skyroot,Space Tech,Series C,60000000.0,Sherpalo Ventures,,,2026-09-21,"Telangana, India"
Skyroot,Space Tech,Series C,60000000.0,Mukesh Bansal,,,2026-09-21,"Telangana, India"
Sarvam,Speech & Voice Recognition / AI,Series B,234000000.0,Bessemer Venture Partners,,,2026-09-21,Karnataka
Skitii,Speech and Voice Recognition,Angel,436000.0,IIT Mandi Catalyst,,,2026-09-21,Maharashtra
Dartle,Sports Tech,Seed,100000.0,Inflection Point Ventures,,,2026-09-21,"England, Kerala"
Gamepoint,Sports Tech,Seed,775000.0,Raj P Narayanam,,,2026-09-21,Telangana
Velmenni,Telecom - Infrastructure Tech,Seed,3300000.0,pi Ventures,,,2026-09-21,Delhi
Astrome,Telecom > Telecom Infrastructure Tech,Grant,551000.0,IN-SPACe,,,2026-09-21,Karnataka
Digital Striker,Telecom Infrastructure,Seed,1000000.0,Foxhog Ventures,,,2026-09-21,Delhi
MediElaj,Telehealth & Healthcare Booking,Seed,100000.0,Undisclosed,,,2026-09-21,Haryana
Dalvoy,Test Preparation Tech,Seed,680000.0,8i Ventures,,,2026-09-21,Delhi
Sort My Prep,Test Preparation Tech,Seed,350000.0,Undisclosed,,,2026-09-21,Maharashtra
IndiGrid,Transmission System Operators,Post-IPO,163000000.0,KKR,,,2026-09-21,Delhi
Trucksup,Transportation and Logistics,-,8199999.999999999,Undisclosed,,,2026-09-21,Haryana
FusionStays,Travel & Hospitality - Travel Agencies,Seed,80200.0,Vruddhi Capital,,,2026-09-21,West Bengal
Blunav Technologies,Travel & Hospitality Tech,Seed,1000000.0,Piper Serica,,,2026-09-21,"Tamil Nadu, India"
Blunav Technologies,Travel & Hospitality Tech,Seed,1000000.0,StartupTN,,,2026-09-21,"Tamil Nadu, India"
Capture A Trip,Travel & Tourism,Angel,83200.0,Kunal Bahl,,,2026-09-21,Delhi
Club Emerald,Travel and Hospitality > Hotels,Post-IPO,11000000.0,Lighthouse Canton,,,2026-09-21,Maharashtra
Big Tree Entertainment,Undisclosed,Series D,,KKR,,,2026-09-21,"Maharashtra, India"
Dognosis,Veterinary HealthTech,Seed,,Momentum Capital,,,2026-09-21,Karnataka
Vetic,Veterinary Healthcare Providers,Series D,40000000.0,Bessemer Venture Partners,,,2026-09-21,Haryana
Cinefai,Video Creation Tools,Debt,54900.0,Ritesh Agarwal,,,2026-09-21,Maharashtra
Cinefai,Video Creation Tools,Angel,54900.0,Ritesh Agarwal,,,2026-09-21,Maharashtra
Autovrse,Virtual Reality / AI Training,Series A,2400000.0,Singularity AMC,,,2026-09-21,Karnataka
The Wedding Company,Wedding Tech,Seed,2750000.0,Wellingdon Advisors,,,2026-09-21,Karnataka
Yes Sir,Wellness Services,Seed,,Kolkata Ventures,,,2026-09-21,West Bengal
Brilliance Cosmocare,—,Seed,200000.0,Undisclosed,,,2026-09-21,Maharashtra
Khare Classes,—,Seed,1290000.0,India Quotient,,,2026-09-21,Maharashtra
